question,generated_answer,latency,faithfulness,context_relevancy,answer_correctness,strategy
Što je eRačun i mora li biti u PDF formatu?,"eRačun je račun koji je izdan, poslan i zaprimljen u strukturiranom elektroničkom obliku, a koji omogućuje njegovu automatsku i elektroničku obradu. Nije navedeno da eRačun mora biti u PDF formatu.",5.396137714385986,0.5,0.5,0.5,micro_overlap20
Tko se smatra izdavateljem i primateljem eRačuna prema Zakonu o fiskalizaciji?,"Izdavatelj eRačuna je osoba ili pravna osoba koja izdaje eRačun za tuzemne transakcije, dok je primatelj eRačuna osoba ili pravna osoba koja prima taj eRačun.",2.805874824523926,0.5,0.5,0.5,micro_overlap20
Od kada obveznici koji nisu u sustavu PDV-a moraju izdavati i zaprimati eRačune?,Obveznici koji nisu u sustavu PDV-a moraju izdavati i zaprimati eRačune od 1. siječnja 2027. godine.,2.0529754161834717,0.5,0.5,0.5,micro_overlap20
Što je fiskalizacija eRačuna i kada se mora provesti?,"Fiskalizacija eRačuna je obveza koju izdavatelj i primatelj eRačuna moraju provoditi za svaki izdani i zaprimljeni eRačun. Ova procedura mora se provesti odvojeno od postupka razmjene eRačuna, najkasnije pet radnih dana od primitka eRačuna.",2.521724224090576,0.6,1.0,0.8,micro_overlap20
Koje su glavne razlike između Fiskalizacije 1.0 i Fiskalizacije 2.0?,Nema informacija o razlikama između Fiskalizacije 1.0 i Fiskalizacije 2.0 u dostupnom sadržaju.,1.6767337322235107,0.0,0.0,0.0,micro_overlap20
Što je pristupna točka i tko može biti pristupna točka?,"Pristupna točka je sustav ili komponenta koja omogućava korisnicima da šalju zahtjeve i primaju odgovore u realnom vremenu. Pristupna točka može biti različiti entiteti, uključujući softverske aplikacije, servere ili druge informatičke sustave koji omogućuju razmjenu podataka. Tko može biti pristupna točka ovisi o specifičnim pravilima i standardima koji se primjenjuju u određenom kontekstu.",4.441438436508179,0.5,0.5,0.5,micro_overlap20
Što mora informacijski posrednik napraviti da bi mogao pružati usluge?,Informacijski posrednik koji je brisan s Popisa informacijskih posrednika mora ispuniti uvjete propisane člankom 59. kako bi mogao nastaviti obavljati poslove prema odredbama Zakona. To uključuje dostavu dokumentacije koja je propisana člankom 61.,2.3668694496154785,0.5,0.5,0.5,micro_overlap20
Što je aplikacija MIKROeRAČUN i tko je može koristiti?,"Aplikacija MIKROeRAČUN omogućava izdavanje, zaprimanje i pohranu eRačuna, kao i fiskalizaciju izdanih i zaprimljenih eRačuna. Korištenje ove aplikacije je besplatno, što znači da je dostupna svima koji žele koristiti njezine funkcionalnosti.",2.532714366912842,0.5,0.5,0.5,micro_overlap20
Kada izdavatelj eRačuna mora provoditi postupak eIzvještavanja?,"Izdavatelj eRačuna mora provoditi postupak eIzvještavanja prilikom izdavanja eRačuna, kada se koriste web-servis, usluga informacijskog posrednika ili FiskAplikacija za dostavu podataka.",2.9997849464416504,0.5,0.5,0.5,micro_overlap20
Što mora napraviti primatelj eRačuna koji odbija eRačun?,Primatelj eRačuna mora do 20. dana u mjesecu za prethodni mjesec dostaviti podatke o eRačunima koje je odbio u prethodnom mjesecu.,1.8226075172424316,0.5,0.5,0.5,micro_overlap20
Je li podatak KPD-a obvezan na eRačunu i u kojim slučajevima?,"Podatak KPD-a je obvezan na eRačunu kada se koristi važeći statistički standard Klasifikacija proizvoda po djelatnostima, što je propisano zakonom.",1.9258453845977783,0.5,0.5,0.5,micro_overlap20
Čemu služi FiskAplikacija i koje funkcionalnosti omogućava?,"FiskAplikacija služi za aplikaciju za fiskalizaciju i eIzvještavanje. Omogućava pregled podataka iz fiskalizacije računa i fiskalizacije eRačuna, kao i uvid u statuse eRačuna, koji mogu biti zaprimljen, naplaćen ili odbijen.",2.6747095584869385,0.6,0.8,0.6,micro_overlap20
Što znači status 'Zaprimljen i neuparen' u FiskAplikaciji?,"Status 'Zaprimljen i neuparen' u FiskAplikaciji označava da je eRačun zaprimljen, ali još nije povezan s odgovarajućim podacima ili transakcijom. To može značiti da račun nije usklađen s očekivanim podacima ili da je potrebno dodatno provjeriti informacije kako bi se osigurala pravilna fiskalizacija.",4.011418581008911,0.5,0.5,0.5,micro_overlap20
Što znači status 'Odstupanje' u FiskAplikaciji i treba li zbog toga odbiti račun?,"Status 'Odstupanje' u FiskAplikaciji označava da je došlo do problema s određenim računom, što može uključivati odbijanje određivanja Jedinstvenog identifikatora računa. U takvim slučajevima, primatelj eRačuna može biti smatran kao da je dostavio izjavu da neće koristiti pravo na pretporez po tom eRačunu. Stoga, ako se suočavate s ovim statusom, preporučuje se odbijanje računa.",3.968848943710327,0.0,0.2,0.0,micro_overlap20
Što je AMS i čemu služi?,"AMS je sustav koji omogućava pohranu i upravljanje podacima vezanim uz porezne obveznike. Njegova svrha je omogućiti primateljima eRačuna da odmah dostave svaku promjenu podataka, čime se osigurava ažurnost i točnost informacija.",2.2064781188964844,0.5,0.5,0.5,micro_overlap20
Kakvu strukturu mora imati broj eRačuna?,Broj eRačuna mora biti jedinstven na razini OIB-a obveznika i može sadržavati samo znamenke 0-9.,1.4572186470031738,0.5,0.5,0.5,micro_overlap20
Što je samoizdavanje eRačuna i kako se provodi fiskalizacija?,Samoizdavanje eRačuna odnosi se na situaciju kada korisnik samostalno izdaje eRačun. Fiskalizacija u ovom slučaju podrazumijeva da se propisani podaci iz eRačuna dostavljaju u Sustav za fiskalizaciju najkasnije pet radnih dana nakon što je eRačun izdan. To osigurava da su svi izdani eRačuni pravilno evidentirani i usklađeni s fiskalnim propisima.,2.9466211795806885,0.7,0.9,0.8,micro_overlap20
Kada postoji obveza izdavanja eRačuna za inozemne transakcije?,"Obveza izdavanja eRačuna za inozemne transakcije nije navedena u dostupnim informacijama. Informacije se fokusiraju na obvezu izdavanja eRačuna za tuzemne transakcije, uz iznimku kada je izdavatelj izuzet od te obveze prema posebnom zakonu.",2.0799310207366943,0.7,0.6,0.6,micro_overlap20
Može li se isti digitalni certifikat koristiti za F1.0 i F2.0?,Nema informacija o mogućnosti korištenja istog digitalnog certifikata za F1.0 i F2.0.,1.7485370635986328,0.0,0.2,0.0,micro_overlap20
Kada se može primijeniti članak 39. Zakona za B2B transakcije?,"Članak 39. Zakona može se primijeniti za B2B transakcije koje se plaćaju gotovinom ili karticom, a za koje se izdaje račun i provodi postupak fiskalizacije.",1.859076738357544,0.7,0.6,0.8,micro_overlap20
Kako se postupa s računima za predujam kod izdavanja konačnog računa?,"Postupak s računima za predujam kod izdavanja konačnog računa uključuje ispravak podataka na računu. Kada se izda konačni račun, obveznik fiskalizacije odmah izdaje kupcu račun koji ispravlja podatke s prethodnog računa, uključujući jedinstveni identifikator računa.",2.380523920059204,0.5,0.5,0.5,micro_overlap20
Koje su obveze odvjetničkih ureda koji nisu u sustavu PDV-a?,Obveze odvjetničkih ureda koji nisu u sustavu PDV-a nisu navedene u dostupnim informacijama. Preporučuje se konzultirati relevantne zakone ili propise koji se odnose na odvjetničke usluge i fiskalizaciju za detaljnije informacije.,1.852421760559082,0.5,0.5,0.0,micro_overlap20
Kako se štiti profesionalna tajna odvjetnika kod eRačuna?,Informacije o zaštiti profesionalne tajne odvjetnika kod eRačuna nisu navedene u dostupnim podacima. Preporučuje se konzultacija s relevantnim pravnim izvorima ili stručnjacima za detalje o ovoj temi.,2.2023074626922607,0.0,0.5,0.0,micro_overlap20
Koje su obveze OPG-a u sustavu PDV-a vezano uz fiskalizaciju?,"Obveznici fiskalizacije računa, uključujući OPG-e, dužni su provoditi fiskalizaciju računa propisanu zakonom za sve djelatnosti, osim za ostvarene promete u djelatnostima koje su izuzete prema članku 4. zakona.",2.1492905616760254,0.5,0.5,0.5,micro_overlap20
Koje vrste dokumenata (šifre) se najčešće koriste za eRačune u Hrvatskoj?,Informacije o vrstama dokumenata (šiframa) koje se najčešće koriste za eRačune u Hrvatskoj nisu navedene u dostupnom sadržaju.,1.5949757099151611,0.0,0.0,0.0,micro_overlap20
Koja je razlika između poslovnih procesa P4 i P6?,"Nema dostupnih informacija o poslovnim procesima P4 i P6 u dostavljenim podacima. Da bi se utvrdila razlika između tih poslovnih procesa, potrebne su dodatne informacije ili kontekst koji se odnosi na njih.",2.2666497230529785,0.5,0.5,0.0,micro_overlap20
Zašto se eRačun pojavljuje kao nefiskaliziran u FiskAplikaciji?,"eRačun se može pojaviti kao nefiskaliziran u FiskAplikaciji ako primatelj eRačuna nije potvrdio primitak eRačuna, što je potrebno da bi podatak o identifikatoru postao javno dostupan. Bez te potvrde, eRačun ne može biti pravilno fiskaliziran.",2.167397975921631,0.5,0.5,0.5,micro_overlap20
Hoće li se poduzetnici kažnjavati zbog grešaka u fiskalizaciji eRačuna?,"Informacije o standardnim porukama o greškama i protokolima o postupanju u slučaju grešaka ukazuju na to da postoji regulativa koja se bavi tim pitanjem. Međutim, specifične odredbe o kaznama za poduzetnike zbog grešaka u fiskalizaciji eRačuna nisu navedene. Preporučuje se konzultirati relevantne zakone ili propise za detaljnije informacije o mogućim sankcijama.",3.231234073638916,0.6,0.6,0.7,micro_overlap20
Zašto je AS4 protokol važan za razmjenu eRačuna?,"AS4 protokol je važan za razmjenu eRačuna jer omogućava sigurnu i pouzdanu komunikaciju između različitih sustava. Osigurava interoperabilnost i podržava razmjenu podataka putem pristupnih točaka, što je ključno za učinkovito upravljanje eRačunima.",2.2382099628448486,0.5,0.5,0.5,micro_overlap20
"Paušalni obrt nije u sustavu PDV-a, većina kupaca su građani koji plaćaju na transakcijski račun, ali povremeno ima i B2B kupce koji plaćaju karticom. Što se mijenja u njegovom poslovanju od 1.1.2026?","Od 1.1.2026. godine, paušalni obrti koji imaju B2B kupce koji plaćaju karticom ili gotovinom moraju se prilagoditi novim pravilima fiskalizacije. To uključuje obavezu izdavanja računa za takve transakcije, kao i prijavu promjene načina plaćanja kada dođe do promjene u načinu na koji se transakcije obrađuju. Ove promjene će utjecati na način vođenja poslovanja i obveze prema fiskalnim propisima.",2.9003591537475586,0.6,0.7,0.7,micro_overlap20
Što je eRačun i mora li biti u PDF formatu?,"eRačun je račun koji je izdan, poslan i zaprimljen u strukturiranom elektroničkom obliku, a koji omogućuje njegovu automatsku i elektroničku obradu. Nije navedeno da eRačun mora biti u PDF formatu.",2.793013334274292,0.5,0.5,0.5,micro_overlap40
Tko se smatra izdavateljem i primateljem eRačuna prema Zakonu o fiskalizaciji?,"Izdavateljem eRačuna smatra se porezni obveznik sa sjedištem, prebivalištem ili uobičajenim boravištem u tuzemstvu koji je upisan u registar obveznika PDV-a. Primatelj eRačuna je osoba ili entitet koji prima eRačun za tuzemne transakcije.",2.253878355026245,0.5,1.0,0.5,micro_overlap40
Od kada obveznici koji nisu u sustavu PDV-a moraju izdavati i zaprimati eRačune?,"Obveznici koji nisu u sustavu PDV-a moraju izdavati i zaprimati eRačune od trenutka kada su propisani uvjeti za to, što uključuje obvezu zaprimanja eRačuna na način propisan zakonom. Točan datum početka obveze nije naveden u dostupnim informacijama.",2.4235544204711914,0.5,0.5,0.0,micro_overlap40
Što je fiskalizacija eRačuna i kada se mora provesti?,"Fiskalizacija eRačuna je postupak koji se provodi za primljeni eRačun, a obaveza je primatelja eRačuna. Ovaj postupak mora se provesti odvojeno od razmjene eRačuna, najkasnije pet radnih dana od trenutka kada je eRačun primljen. Također, u slučaju tehničke nemogućnosti ili prekida internetske veze, fiskalizacija se može provesti računajući od dana kada je došlo do tog prekida.",3.223541021347046,0.5,0.5,0.5,micro_overlap40
Koje su glavne razlike između Fiskalizacije 1.0 i Fiskalizacije 2.0?,"Na temelju dostupnih informacija, nisu navedene specifične razlike između Fiskalizacije 1.0 i Fiskalizacije 2.0. Za detaljne informacije o tim verzijama fiskalizacije, preporučuje se konzultacija s relevantnim zakonodavnim dokumentima ili izvorima koji se bave tom tematikom.",2.1483097076416016,0.5,0.5,0.5,micro_overlap40
Što je pristupna točka i tko može biti pristupna točka?,"Pristupna točka je element sustava koji omogućava korisnicima da šalju zahtjeve i odmah primaju odgovore. Pristupna točka može biti različita, a može uključivati uređaje, aplikacije ili sustave koji su dizajnirani za interakciju s korisnicima ili drugim sustavima. Tko može biti pristupna točka ovisi o specifičnom kontekstu i implementaciji sustava.",3.2936673164367676,0.0,0.5,0.0,micro_overlap40
Što mora informacijski posrednik napraviti da bi mogao pružati usluge?,Informacijski posrednik mora ispuniti uvjete propisane člankom 59. te dostaviti dokumentaciju koja je navedena u članku 61. kako bi mogao obavljati poslove prema odredbama Zakona.,1.8639492988586426,0.5,0.5,0.5,micro_overlap40
Što je aplikacija MIKROeRAČUN i tko je može koristiti?,"Aplikacija MIKROeRAČUN omogućava izdavanje, zaprimanje i pohranu eRačuna, kao i fiskalizaciju izdanih i zaprimljenih eRačuna. Korištenje ove aplikacije je besplatno, što znači da je dostupna svima koji žele koristiti njezine funkcionalnosti.",2.6550581455230713,0.5,0.5,0.5,micro_overlap40
Kada izdavatelj eRačuna mora provoditi postupak eIzvještavanja?,"Izdavatelj eRačuna mora provoditi postupak eIzvještavanja prilikom izdavanja eRačuna, kada dostavlja podatke o datumu izdavanja eRačuna, broju eRačuna i drugim relevantnim informacijama.",2.903877019882202,0.4,0.5,0.4,micro_overlap40
Što mora napraviti primatelj eRačuna koji odbija eRačun?,Primatelj eRačuna mora do 20. dana u mjesecu za prethodni mjesec dostaviti podatke o eRačunima koje je odbio u prethodnom mjesecu.,1.5467870235443115,0.7,1.0,0.8,micro_overlap40
Je li podatak KPD-a obvezan na eRačunu i u kojim slučajevima?,"Podatak KPD-a je obvezan na eRačunu u skladu s propisima koji se odnose na fiskalizaciju, a koristi se za potrebe klasifikacije proizvoda po djelatnostima.",1.7003076076507568,0.5,0.5,0.5,micro_overlap40
Čemu služi FiskAplikacija i koje funkcionalnosti omogućava?,"FiskAplikacija služi za fiskalizaciju računa i eRačuna. Omogućava pregled podataka iz fiskalizacije, uvid u statuse eRačuna, kao što su zaprimljen, naplaćen ili odbijen.",1.78065824508667,0.5,0.5,0.5,micro_overlap40
Što znači status 'Zaprimljen i neuparen' u FiskAplikaciji?,"Status 'Zaprimljen i neuparen' u FiskAplikaciji označava da je eRačun primljen, ali još nije povezan s odgovarajućim identifikatorom ili korisnikom. To može značiti da primatelj eRačuna nije potvrdio ili obradio račun unutar aplikacije.",2.61572527885437,0.5,0.5,0.5,micro_overlap40
Što znači status 'Odstupanje' u FiskAplikaciji i treba li zbog toga odbiti račun?,"Status 'Odstupanje' u FiskAplikaciji označava da je došlo do problema s određenim računom, što može uključivati odbijanje određivanja Jedinstvenog identifikatora računa. U takvim slučajevima, primatelj eRačuna može biti smatran kao da je dostavio izjavu da neće koristiti pravo na pretporez po tom eRačunu. Stoga, ako se suočavate s ovim statusom, preporučuje se odbiti račun.",3.074559211730957,0.5,0.5,0.0,micro_overlap40
Što je AMS i čemu služi?,"AMS je sustav koji omogućava pohranu i upravljanje podacima vezanim uz porezne obveznike. Njegova svrha je omogućiti primateljima eRačuna da odmah dostave svaku promjenu podataka, čime se osigurava ažurnost i točnost informacija.",2.499220132827759,0.6,1.0,0.7,micro_overlap40
Kakvu strukturu mora imati broj eRačuna?,Broj eRačuna mora biti jedinstven na razini OIB-a obveznika i može sadržavati samo znamenke od 0 do 9.,1.6858694553375244,0.5,0.5,0.4,micro_overlap40
Što je samoizdavanje eRačuna i kako se provodi fiskalizacija?,"Samoizdavanje eRačuna odnosi se na situaciju kada izdavatelj eRačuna samostalno generira račun bez posredovanja treće strane. U tom slučaju, obveza fiskalizacije eRačuna podrazumijeva da izdavatelj i primatelj eRačuna moraju provoditi fiskalizaciju za svaki izdani i zaprimljeni eRačun. Fiskalizacija se mora provesti najkasnije pet radnih dana nakon što je eRačun izdan.",2.948047161102295,0.5,0.5,0.7,micro_overlap40
Kada postoji obveza izdavanja eRačuna za inozemne transakcije?,Obveza izdavanja eRačuna za inozemne transakcije nije navedena u dostupnim informacijama. Informacije se odnose samo na tuzemne transakcije i izuzeća od obveze izdavanja računa prema posebnom zakonu.,2.5296850204467773,0.5,0.5,0.5,micro_overlap40
Može li se isti digitalni certifikat koristiti za F1.0 i F2.0?,Nema informacija o mogućnosti korištenja istog digitalnog certifikata za F1.0 i F2.0.,1.5948657989501953,0.5,0.5,0.0,micro_overlap40
Kada se može primijeniti članak 39. Zakona za B2B transakcije?,"Članak 39. Zakona može se primijeniti na B2B transakcije kada se radi o poslovanju koje uključuje internetsku trgovinu, pokretnu trgovinu ili slične aktivnosti, osobito ako se djelatnost obavlja na terenu ili na povremenim mjestima obavljanja djelatnosti.",3.0479228496551514,0.5,0.5,0.5,micro_overlap40
Kako se postupa s računima za predujam kod izdavanja konačnog računa?,Nema informacija o postupanju s računima za predujam kod izdavanja konačnog računa u dostupnom sadržaju.,1.370304822921753,0.0,0.0,0.0,micro_overlap40
Koje su obveze odvjetničkih ureda koji nisu u sustavu PDV-a?,"Obveze odvjetničkih ureda koji nisu u sustavu PDV-a nisu izravno navedene u dostupnim informacijama. Međutim, općenito se može pretpostaviti da bi se trebali pridržavati relevantnih propisa koji se odnose na samostalne djelatnosti i porez na dohodak. Za specifične obveze, preporučuje se konzultacija s pravnikom ili stručnjakom za poreznu problematiku.",3.2782604694366455,0.0,0.5,0.0,micro_overlap40
Kako se štiti profesionalna tajna odvjetnika kod eRačuna?,"Profesionalna tajna odvjetnika kod eRačuna štiti se primjenom odredbi koje se odnose na posebne sigurnosne mjere, u skladu sa zakonima i drugim propisima. Ove mjere osiguravaju da se informacije koje su zaštićene propisanim stupnjem tajnosti adekvatno čuvaju i ne otkrivaju bez odgovarajuće zaštite.",3.7833645343780518,0.5,0.5,0.5,micro_overlap40
Koje su obveze OPG-a u sustavu PDV-a vezano uz fiskalizaciju?,"Obveznici fiskalizacije računa, uključujući OPG-e, dužni su provoditi fiskalizaciju računa propisanu zakonom za sve djelatnosti, osim za ostvarene promete u djelatnostima koje su izuzete prema članku 4. zakona.",2.4633045196533203,0.5,0.5,0.5,micro_overlap40
Koje vrste dokumenata (šifre) se najčešće koriste za eRačune u Hrvatskoj?,Informacije o vrstama dokumenata (šiframa) koje se najčešće koriste za eRačune u Hrvatskoj nisu navedene u dostupnom sadržaju.,1.7132999897003174,0.0,0.0,0.0,micro_overlap40
Koja je razlika između poslovnih procesa P4 i P6?,Nema dovoljno informacija o poslovnim procesima P4 i P6 u dostavljenim podacima. Potrebne su dodatne informacije kako bi se mogla utvrditi razlika između ta dva procesa.,2.220477819442749,0.5,0.3,0.0,micro_overlap40
Zašto se eRačun pojavljuje kao nefiskaliziran u FiskAplikaciji?,"eRačun se može pojaviti kao nefiskaliziran u FiskAplikaciji ako primatelj eRačuna nije potvrdio primitak eRačuna, što uključuje i situaciju kada se koristi usluga informacijskog posrednika. U tom slučaju, podatak o identifikatoru eRačuna postaje javno dostupan tek nakon potvrde primatelja.",3.1883444786071777,0.5,0.5,0.5,micro_overlap40
Hoće li se poduzetnici kažnjavati zbog grešaka u fiskalizaciji eRačuna?,"Informacije o standardnim porukama o greškama i protokolima o postupanju u slučaju grešaka sugeriraju da postoji regulativa koja se bavi tim pitanjem. Međutim, konkretne mjere kazne za poduzetnike zbog grešaka u fiskalizaciji eRačuna nisu navedene.",4.416144132614136,0.5,0.5,0.5,micro_overlap40
Zašto je AS4 protokol važan za razmjenu eRačuna?,"AS4 protokol je važan za razmjenu eRačuna jer omogućava sigurnu i pouzdanu komunikaciju između različitih sustava putem pristupnih točaka. Osigurava interoperabilnost i usklađenost s EU normama, što je ključno za efikasnu razmjenu eRačuna.",2.2568397521972656,0.5,0.5,0.5,micro_overlap40
"Paušalni obrt nije u sustavu PDV-a, većina kupaca su građani koji plaćaju na transakcijski račun, ali povremeno ima i B2B kupce koji plaćaju karticom. Što se mijenja u njegovom poslovanju od 1.1.2026?","Od 1.1.2026. godine, paušalni obrti koji imaju B2B kupce koji plaćaju karticom ili gotovinom morat će provoditi postupak fiskalizacije računa. To uključuje obavezu izdavanja računa s promijenjenim OIB-om primatelja računa za takve transakcije.",2.90509295463562,0.6,0.7,0.5,micro_overlap40
Što je eRačun i mora li biti u PDF formatu?,eRačun je elektronički račun koji mora biti u skladu s EU normom. Nema informacija koje bi sugerirale da eRačun mora biti u PDF formatu.,1.6432116031646729,0.5,0.5,0.5,standard_overlap50
Tko se smatra izdavateljem i primateljem eRačuna prema Zakonu o fiskalizaciji?,"Izdavatelj eRačuna je osoba ili pravna osoba koja izdaje eRačun za tuzemne transakcije, dok je primatelj eRačuna osoba ili pravna osoba koja prima eRačun.",2.1922264099121094,0.7,1.0,0.7,standard_overlap50
Od kada obveznici koji nisu u sustavu PDV-a moraju izdavati i zaprimati eRačune?,"Obveznici koji nisu u sustavu PDV-a moraju izdavati i zaprimati eRačune prema propisima koji se odnose na obveznike poreza na dohodak od samostalne djelatnosti i obveznike poreza na dobit, a koji imaju sjedište, prebivalište ili uobičajeno boravište u tuzemstvu. To se odnosi na obveznike koji nisu upisani u registar obveznika PDV-a. Točan datum početka obveze nije naveden u dostupnim informacijama.",4.585510015487671,0.0,0.5,0.0,standard_overlap50
Što je fiskalizacija eRačuna i kada se mora provesti?,"Fiskalizacija eRačuna je postupak u kojem se u Sustav za fiskalizaciju dostavljaju propisani podaci iz eRačuna, obuhvaćajući fiskalizaciju izdavanja i zaprimanja eRačuna. Ova fiskalizacija mora biti provedena za tuzemne transakcije koje se obavljaju primatelju eRačuna, osim ako je izdavatelj izuzet od obveze izdavanja računa prema posebnom zakonu. Ako izdavatelj, unatoč izuzeću, izda račun, obvezan je to učiniti kao eRačun, uz sve obveze koje proizlaze iz zakonskih odredbi.",3.696103811264038,0.7,1.0,0.8,standard_overlap50
Koje su glavne razlike između Fiskalizacije 1.0 i Fiskalizacije 2.0?,Informacije o razlikama između Fiskalizacije 1.0 i Fiskalizacije 2.0 nisu navedene. Preporučuje se konzultirati relevantne izvore ili dokumente koji se bave tim temama za detaljnije informacije.,2.0857956409454346,0.0,0.0,0.0,standard_overlap50
Što je pristupna točka i tko može biti pristupna točka?,Pristupna točka je sredstvo putem kojeg obveznici fiskalizacije komuniciraju s Poreznom upravom. Pristupna točka može biti ili naplatni uređaj ili informacijski sustav obveznika fiskalizacije.,1.8555724620819092,0.5,0.5,0.5,standard_overlap50
Što mora informacijski posrednik napraviti da bi mogao pružati usluge?,Informacijski posrednik mora dostaviti Poreznoj upravi dokumentaciju koja uključuje detaljan opis sredstava implementiranih za osiguranje sigurnosti osobnih podataka prije nego što pristupi završnom testiranju sukladnosti.,2.338876724243164,0.5,0.5,0.5,standard_overlap50
Što je aplikacija MIKROeRAČUN i tko je može koristiti?,"Aplikacija MIKROeRAČUN omogućava izdavanje, zaprimanje i pohranu eRačuna, kao i fiskalizaciju izdanih i zaprimljenih eRačuna. Pravo na korištenje ove aplikacije imaju izdavatelj i primatelj eRačuna pod uvjetom da su korisnici sustava ePorezna, nisu upisani u registar obveznika PDV-a i nisu obveznici primjene propisa o elektroničkom izdavanju računa u javnoj nabavi kao javni naručitelji. Porezni obveznik koji želi koristiti aplikaciju dužan je prihvatiti opće uvjete korištenja.",4.504024982452393,0.5,1.0,0.8,standard_overlap50
Kada izdavatelj eRačuna mora provoditi postupak eIzvještavanja?,"Izdavatelj eRačuna mora provoditi postupak eIzvještavanja odvojeno od postupka razmjene eRačuna u trenutku izdavanja eRačuna, a u slučaju samoizdavanja računa najkasnije pet radnih dana nakon što je eRačun izdan.",2.047045946121216,0.5,0.5,0.5,standard_overlap50
Što mora napraviti primatelj eRačuna koji odbija eRačun?,"Primatelj eRačuna koji odbija eRačun mora do 20. dana u mjesecu za prethodni mjesec dostaviti podatke o odbijenim eRačunima u Sustav za fiskalizaciju. Ti podaci uključuju datum izdavanja eRačuna, broj eRačuna, OIB izdavatelja i primatelja eRačuna, datum odbijanja te razlog odbijanja.",2.8427913188934326,0.8,0.9,0.8,standard_overlap50
Je li podatak KPD-a obvezan na eRačunu i u kojim slučajevima?,Podatak o KPD-u je obvezan na eRačunu kada obveznici primjene zakona moraju povezati stavku robe i usluge s ispravnom klasifikacijskom oznakom iz KPD-a. Ova oznaka mora biti iskazana u eRačunu kao šesteroznamenkasti broj.,2.094654083251953,0.5,0.5,0.5,standard_overlap50
Čemu služi FiskAplikacija i koje funkcionalnosti omogućava?,"FiskAplikacija služi za pregled fiskaliziranih podataka i upravljanje ovlaštenjima za razmjenu eRačuna i fiskalizaciju. Omogućava uvid u statuse računa, informativno ispunjenu prijavu poreza na dodanu vrijednost (PDV) za određeno razdoblje oporezivanja, te unos podataka potrebnih za fiskalizaciju i eIzvještavanje.",2.8242204189300537,0.6,1.0,0.8,standard_overlap50
Što znači status 'Zaprimljen i neuparen' u FiskAplikaciji?,"Status 'Zaprimljen i neuparen' u FiskAplikaciji označava da je eRačun zaprimljen, ali još nije povezan s odgovarajućim fiskaliziranim podacima ili drugim relevantnim informacijama. To može značiti da račun čeka na daljnju obradu ili usklađivanje s drugim podacima u sustavu.",2.3811733722686768,0.5,0.5,0.5,standard_overlap50
Što znači status 'Odstupanje' u FiskAplikaciji i treba li zbog toga odbiti račun?,"Status 'Odstupanje' u FiskAplikaciji označava da postoji neka vrsta nesukladnosti ili problema s računom. Međutim, odluka o odbijanju računa ovisi o specifičnim okolnostima i razlozima koji su doveli do tog statusa. Preporučuje se da se dodatno istraže razlozi za 'Odstupanje' kako bi se donijela informirana odluka o tome treba li račun odbiti ili ne.",3.1137545108795166,0.5,0.5,0.5,standard_overlap50
Što je AMS i čemu služi?,AMS je metapodatkovni servis koji omogućava objavu identifikatora poreznih obveznika primatelja eRačuna. Služi za pružanje podataka o krajnjoj adresi primatelja eRačuna i informacijama o poreznim obveznicima prema Listi identifikatora poreznih obveznika.,2.5496816635131836,0.9,1.0,0.8,standard_overlap50
Kakvu strukturu mora imati broj eRačuna?,"Broj eRačuna mora imati sljedeću strukturu: brojčana oznaka računa/oznaka poslovnog prostora/oznaka naplatnog uređaja. Na primjer, to može izgledati ovako: 1234567890/POSL1/12. Brojčana oznaka računa može sadržavati samo znamenke 0-9 i ne smije imati vodeće nule. Oznaka poslovnog prostora može sadržavati znamenke i slova (0-9, a-z, A-Z) i mora biti jedinstvena na razini OIB-a obveznika. Oznaka naplatnog uređaja također može sadržavati samo znamenke 0-9, ne smije imati vodeće nule i mora biti jedinstvena unutar jednog poslovnog prostora obveznika.",3.6869935989379883,0.7,0.9,0.8,standard_overlap50
Što je samoizdavanje eRačuna i kako se provodi fiskalizacija?,"Samoizdavanje eRačuna odnosi se na situaciju kada izdavatelj računa, unatoč izuzeću od obveze izdavanja eRačuna, odluči izdati eRačun. U tom slučaju, obvezan je izdati eRačun u skladu sa svim propisima koji proizlaze iz zakona.

Fiskalizacija eRačuna je postupak u kojem se propisani podaci iz eRačuna dostavljaju u Sustav za fiskalizaciju. Ovaj postupak uključuje fiskalizaciju izdavanja i zaprimanja eRačuna, čime se omogućuje učinkovit nadzor prometa u krajnjoj potrošnji. Fiskalizacija se također primjenjuje na prodaju putem samoposlužnih uređaja, bez obzira na to postoji li obveza izdavanja računa prema posebnim propisima.",4.016003131866455,0.5,0.5,0.5,standard_overlap50
Kada postoji obveza izdavanja eRačuna za inozemne transakcije?,"Obveza izdavanja eRačuna za inozemne transakcije nije izričito navedena u dostupnim informacijama. Stoga, za specifične uvjete vezane uz inozemne transakcije, potrebno je konzultirati dodatne odredbe zakona ili relevantne pravne izvore.",2.1528730392456055,0.7,0.7,0.4,standard_overlap50
Može li se isti digitalni certifikat koristiti za F1.0 i F2.0?,Nema informacija o mogućnosti korištenja istog digitalnog certifikata za F1.0 i F2.0 u dostupnom sadržaju. Preporučuje se provjeriti specifične zahtjeve ili smjernice vezane uz te verzije.,1.6746766567230225,0.5,0.5,0.0,standard_overlap50
Kada se može primijeniti članak 39. Zakona za B2B transakcije?,Članak 39. Zakona može se primijeniti od 1. siječnja 2026. godine.,1.4349002838134766,0.5,0.5,0.5,standard_overlap50
Kako se postupa s računima za predujam kod izdavanja konačnog računa?,Nema specifičnih informacija o postupanju s računima za predujam kod izdavanja konačnog računa u dostupnom tekstu. Preporučuje se konzultirati relevantne odredbe zakona ili pravilnike koji se odnose na ovu temu za detaljnije informacije.,2.1520440578460693,0.0,0.0,0.0,standard_overlap50
Koje su obveze odvjetničkih ureda koji nisu u sustavu PDV-a?,"Obveze odvjetničkih ureda koji nisu u sustavu PDV-a uključuju izdavanje eRačuna ako su obveznici poreza na dohodak od samostalne djelatnosti ili obveznici poreza na dobit prema propisu koji uređuje porez na dobit, a imaju sjedište, prebivalište ili uobičajeno boravište u tuzemstvu. Također, moraju osigurati vjerodostojnost podrijetla, cjelovitost sadržaja i čitljivost eRačuna od trenutka izdavanja do kraja razdoblja čuvanja.",2.996229410171509,0.5,0.5,0.5,standard_overlap50
Kako se štiti profesionalna tajna odvjetnika kod eRačuna?,"Odredbe o eRačunu ne primjenjuju se na isporuke dobara ili usluga koje su zaštićene propisanim stupnjem tajnosti ili koje zahtijevaju posebne sigurnosne mjere prema zakonima i drugim propisima. To može uključivati i zaštitu profesionalne tajne odvjetnika, osiguravajući da se takvi podaci ne razmjenjuju ili ne obrađuju na način koji bi mogao ugroziti tajnost.",2.6026368141174316,0.5,0.5,0.5,standard_overlap50
Koje su obveze OPG-a u sustavu PDV-a vezano uz fiskalizaciju?,"Obveze OPG-a u sustavu PDV-a vezano uz fiskalizaciju uključuju obvezu fiskalizacije svake prodaje u trenutku prodaje dostavom podataka o prodaji Ministarstvu financija, Poreznoj upravi. Također, OPG je dužan dostaviti podatak o svakom samoposlužnom uređaju u kojem će se ostvarivati promet gotovinom. Uz to, obveznik fiskalizacije mora omogućiti korištenje programske podrške za elektroničko potpisivanje poruka o prodaji te osigurati vezu za elektroničku razmjenu podataka s relevantnim institucijama.",4.04866886138916,0.5,0.5,0.3,standard_overlap50
Koje vrste dokumenata (šifre) se najčešće koriste za eRačune u Hrvatskoj?,"U Hrvatskoj se za eRačune najčešće koriste digitalni certifikati, koji su izdani od strane pružatelja usluga povjerenja. Ovi certifikati se koriste za potpisivanje fiskalizacijskih poruka i pri razmjeni eRačuna. Također, postoji aplikacija Porezne uprave pod nazivom ""MIKROeRAČUN"", koja je namijenjena za izdavanje, zaprimanje i fiskalizaciju eRačuna.",3.403308629989624,0.0,0.5,0.0,standard_overlap50
Koja je razlika između poslovnih procesa P4 i P6?,"Informacije o poslovnim procesima P4 i P6 nisu navedene u dostupnom sadržaju. Da biste dobili detalje o razlikama između tih poslovnih procesa, potrebno je konzultirati dodatne izvore ili dokumente koji sadrže specifične informacije o P4 i P6.",2.2340941429138184,0.0,0.3,0.0,standard_overlap50
Zašto se eRačun pojavljuje kao nefiskaliziran u FiskAplikaciji?,"eRačun se može pojaviti kao nefiskaliziran u FiskAplikaciji zbog nekoliko razloga, uključujući nedostupnost identifikatora u AMS-u, što onemogućava izdavanje eRačuna primatelju. U takvim slučajevima, izdavatelj ne snosi odgovornost za neizdavanje eRačuna. Također, ako podaci na eRačunu nisu ispravno povezani s klasifikacijskom oznakom iz KPD-a, to može utjecati na njegov status.",3.6438522338867188,0.5,0.5,0.5,standard_overlap50
Hoće li se poduzetnici kažnjavati zbog grešaka u fiskalizaciji eRačuna?,"Da, poduzetnici će se kažnjavati zbog grešaka u fiskalizaciji eRačuna. Novčane kazne su predviđene za različite prekršaje vezane uz neprovođenje fiskalizacije, neizvještavanje o isporukama, te neodgovarajuće dostavljanje podataka o eRačunima. Kazne se razlikuju ovisno o vrsti prekršaja i mogu se kretati od 660,00 do 39.810,00 eura za fizičke osobe, dok pravne osobe mogu biti kažnjene s iznosima od 2.650,00 do 66.360,00 eura.",3.7622108459472656,0.0,0.5,0.0,standard_overlap50
Zašto je AS4 protokol važan za razmjenu eRačuna?,"AS4 protokol je važan za razmjenu eRačuna jer omogućava sigurnu i standardiziranu razmjenu podataka između izdavatelja i primatelja eRačuna. Osigurava interoperabilnost između različitih sustava, što je ključno za učinkovitu i pouzdanu komunikaciju u okviru eRačuna.",2.4697659015655518,0.5,0.5,0.5,standard_overlap50
"Paušalni obrt nije u sustavu PDV-a, većina kupaca su građani koji plaćaju na transakcijski račun, ali povremeno ima i B2B kupce koji plaćaju karticom. Što se mijenja u njegovom poslovanju od 1.1.2026?","Od 1.1.2026. godine, paušalni obrti koji nisu u sustavu PDV-a morat će prilagoditi svoje poslovanje kako bi se uskladili s novim pravilima fiskalizacije. To uključuje obvezu izdavanja računa koji će sadržavati podatke o porezu na dodanu vrijednost (PDV) ukoliko se odluče za ulazak u sustav PDV-a ili ako njihovi kupci postanu obveznici PDV-a. Također, obrti će morati osigurati jedinstvenost broja uređaja za izdavanje računa na razini poslovnog prostora te dostavljati podatke Poreznoj upravi putem sustava ePorezna. U slučaju B2B transakcija, obrti će morati voditi računa o pravilnom obračunu i evidentiranju PDV-a na izdanom računu.",4.826301574707031,0.5,0.5,0.5,standard_overlap50
Što je eRačun i mora li biti u PDF formatu?,eRačun je elektronički račun koji mora biti u skladu s EU normom. Nema specifične odredbe koja zahtijeva da eRačun bude u PDF formatu; važno je da se razmjena eRačuna obavlja putem pristupnih točaka uz osiguranje standardiziranih formata i interoperabilnosti između različitih sustava.,2.557481050491333,0.5,0.5,0.5,standard_overlap100
Tko se smatra izdavateljem i primateljem eRačuna prema Zakonu o fiskalizaciji?,"Izdavateljem eRačuna smatra se porezni obveznik sa sjedištem, prebivalištem ili uobičajenim boravištem u tuzemstvu koji je upisan u registar obveznika PDV-a, obveznik poreza na dohodak od samostalne djelatnosti ili obveznik poreza na dobit koji nije upisan u registar obveznika PDV-a, kao i tijela državne uprave i jedinice lokalne i područne samouprave koje su upisane u Registar proračunskih i izvanproračunskih korisnika. Primatelj eRačuna je osoba ili entitet koji prima eRačun za tuzemne transakcije.",4.02823805809021,0.9,1.0,0.8,standard_overlap100
Od kada obveznici koji nisu u sustavu PDV-a moraju izdavati i zaprimati eRačune?,"Obveznici koji nisu u sustavu PDV-a moraju izdavati i zaprimati eRačune od trenutka kada su upisani u registar obveznika poreza na dohodak od samostalne djelatnosti ili poreza na dobit, a imaju sjedište, prebivalište ili uobičajeno boravište u tuzemstvu.",2.89542293548584,0.0,0.5,0.0,standard_overlap100
Što je fiskalizacija eRačuna i kada se mora provesti?,"Fiskalizacija eRačuna je postupak koji izdavatelj eRačuna mora provesti odvojeno od razmjene eRačuna. Za izdani eRačun, fiskalizacija se mora provesti u trenutku izdavanja eRačuna, a u slučaju samoizdavanja računa, najkasnije pet radnih dana nakon što je eRačun izdan. Za primljeni eRačun, primatelj eRačuna također mora provesti fiskalizaciju najkasnije pet radnih dana od primitka eRačuna.",5.87234354019165,0.8,1.0,0.9,standard_overlap100
Koje su glavne razlike između Fiskalizacije 1.0 i Fiskalizacije 2.0?,Informacije o razlikama između Fiskalizacije 1.0 i Fiskalizacije 2.0 nisu navedene. Preporučuje se konzultirati relevantne izvore ili dokumente koji se bave tim temama za detaljnije informacije.,1.9789128303527832,0.0,0.5,0.0,standard_overlap100
Što je pristupna točka i tko može biti pristupna točka?,Pristupna točka je sustav ili uređaj koji obveznici fiskalizacije koriste za komunikaciju s Poreznom upravom. Pristupna točka može biti ili naplatni uređaj ili informacijski sustav obveznika fiskalizacije.,2.717418670654297,0.5,0.8,0.5,standard_overlap100
Što mora informacijski posrednik napraviti da bi mogao pružati usluge?,"Informacijski posrednik mora dostaviti Poreznoj upravi dokumentaciju propisanu člankom 61. Zakona, koja uključuje detaljan opis sredstava implementiranih za osiguranje sigurnosti osobnih podataka. Također, mora uspješno provesti testiranje sukladnosti i ishoditi završno izvješće.",2.526977300643921,0.5,0.5,0.5,standard_overlap100
Što je aplikacija MIKROeRAČUN i tko je može koristiti?,"Aplikacija MIKROeRAČUN omogućava izdavanje, zaprimanje i pohranu eRačuna, kao i fiskalizaciju izdanih i zaprimljenih eRačuna. Pravo na korištenje ove aplikacije imaju izdavatelj i primatelj eRačuna, pod uvjetom da su korisnici sustava ePorezna, nisu upisani u registar obveznika PDV-a i nisu obveznici primjene propisa o elektroničkom izdavanju računa u javnoj nabavi kao javni naručitelji.",4.299854040145874,0.8,1.0,0.9,standard_overlap100
Kada izdavatelj eRačuna mora provoditi postupak eIzvještavanja?,"Izdavatelj eRačuna mora provoditi postupak eIzvještavanja do 20. dana u mjesecu za prethodni mjesec, dostavljajući podatke o eRačunima za koje je izvršena naplata u tom prethodnom mjesecu.",2.3086652755737305,0.5,0.5,0.5,standard_overlap100
Što mora napraviti primatelj eRačuna koji odbija eRačun?,Primatelj eRačuna koji odbija eRačun mora dostaviti podatke o datumu odbijanja i razlogu odbijanja. Ova dostava se smatra izjavom da primatelj neće koristiti pravo na pretporez po tom eRačunu.,2.802035331726074,0.5,1.0,0.5,standard_overlap100
Je li podatak KPD-a obvezan na eRačunu i u kojim slučajevima?,Podatak o KPD-u je obvezan na eRačunu kada obveznici primjene zakona moraju povezati stavku robe i usluge s ispravnom klasifikacijskom oznakom iz KPD-a. Ova oznaka mora biti iskazana u eRačunu kao šesteroznamenkasti broj.,2.198002576828003,0.5,0.5,0.5,standard_overlap100
Čemu služi FiskAplikacija i koje funkcionalnosti omogućava?,"FiskAplikacija služi za pregled fiskaliziranih podataka i upravljanje ovlaštenjima za razmjenu eRačuna i fiskalizaciju. Omogućava uvid u statuse računa, informativno ispunjenu prijavu poreza na dodanu vrijednost (PDV) za određeno razdoblje oporezivanja, te unos podataka potrebnih za fiskalizaciju i eIzvještavanje.",3.966127872467041,0.5,1.0,0.7,standard_overlap100
Što znači status 'Zaprimljen i neuparen' u FiskAplikaciji?,"Status 'Zaprimljen i neuparen' u FiskAplikaciji označava da je eRačun zaprimljen, ali još nije povezan s odgovarajućim fiskalnim podacima ili drugim potrebnim informacijama za daljnju obradu. To može značiti da račun čeka na dodatne akcije ili potvrde kako bi se mogao pravilno fiskalizirati ili obraditi.",3.5754451751708984,0.5,0.5,0.5,standard_overlap100
Što znači status 'Odstupanje' u FiskAplikaciji i treba li zbog toga odbiti račun?,"Status 'Odstupanje' u FiskAplikaciji obično označava da postoji neka vrsta nesukladnosti ili problema s računom koji je izdan. Ovisno o specifičnim pravilima i procedurama koje se primjenjuju, može biti potrebno dodatno provjeriti razloge za taj status. Ako se utvrdi da je račun izdan u skladu s propisima, možda neće biti potrebno odbiti račun. Međutim, ako se utvrdi da je došlo do greške ili nepravilnosti, može biti potrebno odbiti račun i poduzeti odgovarajuće korake za ispravak. Preporučuje se konzultirati se s relevantnim propisima ili stručnjacima za fiskalizaciju kako bi se donijela ispravna odluka.",4.071847438812256,0.6,0.5,0.6,standard_overlap100
Što je AMS i čemu služi?,AMS je metapodatkovni servis koji omogućava objavu identifikatora poreznih obveznika primatelja eRačuna. Služi za pružanje podataka o krajnjoj adresi primatelja eRačuna i informacijama o poreznim obveznicima prema Listi identifikatora poreznih obveznika.,2.838609457015991,0.7,1.0,0.8,standard_overlap100
Kakvu strukturu mora imati broj eRačuna?,"Broj eRačuna mora imati sljedeću strukturu: brojčana oznaka računa/oznaka poslovnog prostora/oznaka naplatnog uređaja. Na primjer, to može izgledati ovako: 1234567890/POSL1/12. Brojčana oznaka računa može sadržavati samo znamenke 0-9, bez vodećih nula, dok oznaka poslovnog prostora može sadržavati znamenke i slova, a mora biti jedinstvena na razini OIB-a obveznika. Oznaka naplatnog uređaja također može sadržavati samo znamenke 0-9, bez vodećih nula.",3.245387077331543,0.8,1.0,0.9,standard_overlap100
Što je samoizdavanje eRačuna i kako se provodi fiskalizacija?,"Samoizdavanje eRačuna odnosi se na situaciju kada izdavatelj eRačuna samostalno generira račun, obično u slučajevima kada nije obvezan izdati eRačun prema propisima. Fiskalizacija eRačuna u tom slučaju mora se provoditi odvojeno od postupka razmjene eRačuna, a najkasnije pet radnih dana nakon što je eRačun izdan. To znači da izdavatelj mora osigurati da je eRačun pravilno fiskaliziran u zadanom vremenskom okviru kako bi ispunio zakonske obveze.",4.222920894622803,0.7,1.0,0.6,standard_overlap100
Kada postoji obveza izdavanja eRačuna za inozemne transakcije?,Obveza izdavanja eRačuna za inozemne transakcije nije izričito navedena u dostupnim informacijama. Fokus je na tuzemnim transakcijama i izuzecima od obveze izdavanja eRačuna. Za detalje o inozemnim transakcijama potrebno je konzultirati dodatne propise ili zakone koji se odnose na tu temu.,2.857924461364746,0.5,0.5,0.5,standard_overlap100
Može li se isti digitalni certifikat koristiti za F1.0 i F2.0?,Nema informacija o mogućnosti korištenja istog digitalnog certifikata za F1.0 i F2.0 u dostavljenim podacima. Preporučuje se provjeriti specifične zahtjeve ili smjernice vezane uz korištenje digitalnih certifikata za te verzije.,3.6427767276763916,0.5,0.5,0.0,standard_overlap100
Kada se može primijeniti članak 39. Zakona za B2B transakcije?,Članak 39. Zakona može se primijeniti za B2B transakcije od 1. siječnja 2026. godine.,1.761885404586792,0.5,0.5,0.5,standard_overlap100
Kako se postupa s računima za predujam kod izdavanja konačnog računa?,Informacije o postupanju s računima za predujam kod izdavanja konačnog računa nisu navedene u dostupnim podacima. Preporučuje se konzultirati relevantne zakone ili propise koji se odnose na fiskalizaciju i izdavanje računa za detaljnije informacije.,2.2765727043151855,0.0,0.4,0.0,standard_overlap100
Koje su obveze odvjetničkih ureda koji nisu u sustavu PDV-a?,"Odvjetnički uredi koji nisu u sustavu PDV-a obvezni su se pridržavati propisa koji se odnose na fiskalizaciju računa, kao i obveza vezanih uz izdavanje i zaprimanje eRačuna. Oni su također odgovorni za ispravnost svojih programskih rješenja u skladu s važećim zakonodavstvom. U slučaju da obavljaju poslove informacijskog posrednika, moraju dostaviti potrebnu dokumentaciju i proći testiranje sukladnosti.",3.244389772415161,0.6,0.8,0.5,standard_overlap100
Kako se štiti profesionalna tajna odvjetnika kod eRačuna?,"Odredbe o eRačunu ne primjenjuju se na isporuke dobara ili usluga koji su zaštićeni propisanim stupnjem tajnosti ili koji moraju uključivati posebne sigurnosne mjere u skladu sa zakonima i drugim propisima. To implicira da se profesionalna tajna odvjetnika može zaštititi kroz primjenu ovih posebnih mjera, čime se osigurava da informacije ostanu povjerljive i zaštićene prilikom razmjene eRačuna.",3.176833391189575,0.5,0.5,0.5,standard_overlap100
Koje su obveze OPG-a u sustavu PDV-a vezano uz fiskalizaciju?,"Obveze OPG-a u sustavu PDV-a vezano uz fiskalizaciju uključuju obvezu fiskalizacije svake prodaje u trenutku prodaje dostavom podataka o prodaji Ministarstvu financija, Poreznoj upravi. Također, OPG je dužan dostaviti podatak o svakom samoposlužnom uređaju u kojem će se ostvarivati promet gotovinom. Uz to, potrebno je omogućiti korištenje programske podrške za elektroničko potpisivanje poruka o prodaji te osigurati vezu za elektroničku razmjenu podataka s relevantnim institucijama.",3.93780517578125,0.5,0.5,0.5,standard_overlap100
Koje vrste dokumenata (šifre) se najčešće koriste za eRačune u Hrvatskoj?,"U Hrvatskoj se za eRačune najčešće koriste digitalni certifikati, koji su izdani od strane pružatelja usluga povjerenja. Ovi certifikati se koriste za potpisivanje fiskalizacijskih poruka i pri razmjeni eRačuna. Također, postoji aplikacija Porezne uprave pod nazivom ""MIKROeRAČUN"", koja je namijenjena za izdavanje, zaprimanje i fiskalizaciju eRačuna.",3.130387544631958,0.0,0.5,0.0,standard_overlap100
Koja je razlika između poslovnih procesa P4 i P6?,Nema dovoljno informacija u dostupnom sadržaju da bi se utvrdila razlika između poslovnih procesa P4 i P6. Potrebni su dodatni detalji o tim procesima kako bi se mogla dati precizna usporedba.,1.8794300556182861,0.0,0.0,0.0,standard_overlap100
Zašto se eRačun pojavljuje kao nefiskaliziran u FiskAplikaciji?,"eRačun se može pojaviti kao nefiskaliziran u FiskAplikaciji zbog nekoliko mogućih razloga, uključujući:

1. Neispravne ili nepotpune informacije prilikom izdavanja eRačuna.
2. Problemi s digitalnim certifikatom koji se koristi za potpisivanje eRačuna.
3. Tehnički problemi ili greške u aplikaciji koja se koristi za fiskalizaciju.
4. Nedostatak pristupa ili ovlaštenja u Nacionalnom identifikacijskom i autentifikacijskom sustavu ili sustavu eOvlaštenja.

Preporučuje se provjeriti sve relevantne informacije i postavke kako bi se utvrdio uzrok problema.",5.4695422649383545,0.5,0.5,0.5,standard_overlap100
Hoće li se poduzetnici kažnjavati zbog grešaka u fiskalizaciji eRačuna?,"Da, poduzetnici će se kažnjavati zbog grešaka u fiskalizaciji eRačuna. Novčane kazne su predviđene za različite prekršaje vezane uz neprovođenje fiskalizacije, neizdavanje eRačuna, te nepravilan rad informacijskih posrednika. Kazne se kreću u rasponu od 660,00 do 39.810,00 eura, ovisno o vrsti prekršaja i statusu prekršitelja.",3.2186942100524902,0.0,1.0,0.0,standard_overlap100
Zašto je AS4 protokol važan za razmjenu eRačuna?,"AS4 protokol je važan za razmjenu eRačuna jer omogućava sigurnu i standardiziranu razmjenu podataka između izdavatelja i primatelja. Osigurava interoperabilnost između različitih sustava, što je ključno za učinkovitu i pouzdanu komunikaciju u procesu razmjene eRačuna. Također, protokol doprinosi očuvanju vjerodostojnosti podrijetla, cjelovitosti sadržaja i čitljivosti eRačuna tijekom cijelog razdoblja čuvanja.",3.846503973007202,0.5,0.5,0.5,standard_overlap100
"Paušalni obrt nije u sustavu PDV-a, većina kupaca su građani koji plaćaju na transakcijski račun, ali povremeno ima i B2B kupce koji plaćaju karticom. Što se mijenja u njegovom poslovanju od 1.1.2026?","Od 1.1.2026. godine, paušalni obrtnici koji nisu u sustavu PDV-a, a imaju B2B kupce koji plaćaju karticom, morat će provoditi fiskalizaciju računa za te transakcije. To znači da će biti obavezni dostaviti OIB primatelja računa za transakcije koje se plaćaju karticom, a način plaćanja će morati biti označen kao 'K' (kartice). Također, ako dođe do promjene načina plaćanja ili OIB-a primatelja, te promjene će trebati prijaviti u sustav fiskalizacije.",3.753962993621826,0.5,0.5,0.5,standard_overlap100
Što je eRačun i mora li biti u PDF formatu?,"eRačun je elektronički račun koji se izdaje prema propisima koji uređuju fiskalizaciju. Mora biti u skladu s EU normom, ali nije specificirano da mora biti u PDF formatu. Razmjena eRačuna može se obavljati putem različitih tehnologija i procedura, uz osiguranje vjerodostojnosti i cjelovitosti sadržaja.",2.6034791469573975,0.5,0.5,0.5,macro_overlap100
Tko se smatra izdavateljem i primateljem eRačuna prema Zakonu o fiskalizaciji?,"Izdavateljem eRačuna smatra se porezni obveznik sa sjedištem, prebivalištem ili uobičajenim boravištem u tuzemstvu koji je upisan u registar obveznika PDV-a, obveznik poreza na dohodak od samostalne djelatnosti ili obveznik poreza na dobit koji nije upisan u registar obveznika PDV-a, kao i tijela državne uprave i jedinice lokalne i područne samouprave koje su upisane u Registar proračunskih i izvanproračunskih korisnika.

Primateljem eRačuna smatra se osoba ili entitet koji zaprimaju eRačun, a obvezni su ga zaprimiti na način propisan zakonom.",5.482578992843628,0.8,1.0,0.8,macro_overlap100
Od kada obveznici koji nisu u sustavu PDV-a moraju izdavati i zaprimati eRačune?,"Obveznici koji nisu u sustavu PDV-a moraju izdavati i zaprimati eRačune kada imaju sjedište, prebivalište ili uobičajeno boravište u tuzemstvu, a obvezni su izdavati eRačune prema propisima koji se odnose na porez na dohodak od samostalne djelatnosti ili porez na dobit. To se odnosi na obveznike koji nisu upisani u registar obveznika PDV-a.",3.578336000442505,0.6,0.7,0.4,macro_overlap100
Što je fiskalizacija eRačuna i kada se mora provesti?,"Fiskalizacija eRačuna je postupak koji se provodi kako bi se osigurala pravna valjanost i transparentnost elektroničkih računa u poslovanju poreznih obveznika. Ovaj postupak uključuje potpisivanje fiskalizacijske poruke uz korištenje digitalnog certifikata koji sadrži OIB ovlaštene osobe.

Fiskalizacija eRačuna mora se provesti najkasnije u roku od pet radnih dana od dana kada je došlo do tehničke nemogućnosti ili prekida internetske veze, ako zbog tih razloga nije bila moguća fiskalizacija. Obveznici su također dužni osigurati odgovarajuću softversku i hardversku podršku za razmjenu i fiskalizaciju eRačuna.",4.732522010803223,0.7,1.0,0.6,macro_overlap100
Koje su glavne razlike između Fiskalizacije 1.0 i Fiskalizacije 2.0?,"Nema informacija o razlikama između Fiskalizacije 1.0 i Fiskalizacije 2.0 u dostupnom tekstu. Fokus je na odredbama zakona o fiskalizaciji, uključujući obveze, definicije i kazne, ali ne i na usporedbi između različitih verzija fiskalizacije.",3.772022008895874,0.0,0.0,0.0,macro_overlap100
Što je pristupna točka i tko može biti pristupna točka?,Pristupna točka je elektronički uređaj za izdavanje računa ili informacijski sustav obveznika fiskalizacije računa. Ona omogućava komunikaciju s Poreznom upravom za potrebe razmjene podataka u okviru fiskalizacije. Pristupna točka koja nije informacijski posrednik može pristupiti testu sukladnosti bez prethodne dostave dokumentacije.,3.021033525466919,0.5,0.5,0.5,macro_overlap100
Što mora informacijski posrednik napraviti da bi mogao pružati usluge?,"Informacijski posrednik mora dostaviti Poreznoj upravi određenu dokumentaciju prije nego što pristupi završnom testiranju sukladnosti. Ova dokumentacija uključuje:

1. Dokument koji detaljno navodi sredstva implementirana za osiguranje sigurnosti osobnih podataka u skladu s relevantnom uredbom o zaštiti podataka.
2. Najnoviju verziju Certifikata za ISO/IEC 27001 u trenutku podnošenja dokumentacije.
3. Izjavu o upravljanju sustavom informacija iz Europske unije, osiguravajući da nema prijenosa podataka izvan Europske unije.
4. Izjavu koja navodi opseg usluga koje pruža za potrebe provedbe zakona.

Nakon ispunjavanja ovih uvjeta, informacijski posrednik može pristupiti testiranju sukladnosti.",7.149007320404053,0.5,0.5,0.5,macro_overlap100
Što je aplikacija MIKROeRAČUN i tko je može koristiti?,"Aplikacija MIKROeRAČUN je besplatna aplikacija koja omogućava izdavanje, zaprimanje i pohranu eRačuna, kao i fiskalizaciju izdanih i zaprimljenih eRačuna. Mogu je koristiti izdavatelji i primatelji eRačuna koji su korisnici sustava ePorezna, nisu upisani u registar obveznika PDV-a i nisu obveznici primjene propisa o elektroničkom izdavanju računa u javnoj nabavi kao javni naručitelji.",3.8885650634765625,0.8,1.0,0.9,macro_overlap100
Kada izdavatelj eRačuna mora provoditi postupak eIzvještavanja?,"Izdavatelj eRačuna mora provoditi postupak eIzvještavanja kada je potrebno osigurati razmjenu eRačuna i fiskalizaciju eRačuna, koristeći web-servis, uslugu informacijskog posrednika ili FiskAplikaciju. Također, ako dođe do tehničkih problema ili prekida internetskih veza koji onemogućuju fiskalizaciju eRačuna, obveznici fiskalizacije dužni su provesti postupak eIzvještavanja u roku od pet radnih dana od nastanka problema.",3.8241560459136963,0.5,0.5,0.5,macro_overlap100
Što mora napraviti primatelj eRačuna koji odbija eRačun?,"Primatelj eRačuna dužan je u Sustav za fiskalizaciju do 20. dana u mjesecu za prethodni mjesec dostaviti podatke o eRačunima za koje je izvršio odbijanje u prethodnom mjesecu. Ovi podaci uključuju datum izdavanja eRačuna, broj eRačuna, OIB izdavatelja i primatelja eRačuna, datum odbijanja i razlog odbijanja. Dostavom podatka o odbijanju eRačuna primatelj također potvrđuje da neće koristiti pravo na pretporez po tom eRačunu.",4.367690086364746,1.0,1.0,1.0,macro_overlap100
Je li podatak KPD-a obvezan na eRačunu i u kojim slučajevima?,Podatak KPD-a je obvezan na eRačunu kada obveznici primjene zakona moraju povezati stavku robe i usluge u eRačunu s ispravnom klasifikacijskom oznakom iz KPD-a. Ova oznaka mora biti iskazana u eRačunu kao šesteroznamenkasti broj.,2.2997772693634033,0.5,0.5,0.5,macro_overlap100
Čemu služi FiskAplikacija i koje funkcionalnosti omogućava?,"FiskAplikacija je aplikacija Porezne uprave koja omogućuje obveznicima primjene zakona pregled fiskaliziranih podataka, upravljanje ovlaštenjima za razmjenu eRačuna i fiskalizaciju, te uvid u statuse računa. Također, omogućava uvid u informativno ispunjenu prijavu poreza na dodanu vrijednost (PDV) za određeno razdoblje oporezivanja i unos podataka za potrebe fiskalizacije i eIzvještavanja.",3.165083169937134,0.8,0.9,0.7,macro_overlap100
Što znači status 'Zaprimljen i neuparen' u FiskAplikaciji?,"Status 'Zaprimljen i neuparen' u FiskAplikaciji označava da je poruka ili zahtjev zaprimljen, ali još nije povezan s odgovarajućim podacima ili računom. To može značiti da sustav čeka na dodatne informacije ili da je potrebno izvršiti daljnje korake kako bi se zahtjev obradio i povezao s odgovarajućim računom ili transakcijom.",2.6551194190979004,0.4,0.6,0.4,macro_overlap100
Što znači status 'Odstupanje' u FiskAplikaciji i treba li zbog toga odbiti račun?,"Status 'Odstupanje' u FiskAplikaciji označava da postoji neka vrsta nesukladnosti ili problema s računom koji je izdan ili zaprimljen. Ovaj status može ukazivati na to da račun ne ispunjava određene zakonske ili tehničke zahtjeve. U slučaju kada se pojavi status 'Odstupanje', preporučuje se provjeriti razloge za to odstupanje. Ako se utvrdi da račun ne može biti ispravljen ili da ne ispunjava uvjete za fiskalizaciju, tada bi moglo biti potrebno odbiti račun. U suprotnom, ako se odstupanje može ispraviti, račun se može nastaviti koristiti.",3.8976645469665527,0.7,0.8,0.6,macro_overlap100
Što je AMS i čemu služi?,AMS je metapodatkovni servis koji omogućava objavu identifikatora poreznih obveznika primatelja eRačuna. Služi za pružanje podataka o krajnjoj adresi primatelja eRačuna i informacijama o poreznim obveznicima prema Listi identifikatora poreznih obveznika.,2.6133580207824707,0.7,0.9,0.8,macro_overlap100
Kakvu strukturu mora imati broj eRačuna?,"Broj eRačuna mora imati sljedeću strukturu: brojčana oznaka računa/oznaka poslovnog prostora/oznaka naplatnog uređaja. Na primjer, može izgledati ovako: 1234567890/POSL1/12. Brojčana oznaka računa može sadržavati samo znamenke 0-9, bez vodećih nula. Oznaka poslovnog prostora može sadržavati znamenke i slova, a mora biti jedinstvena na razini OIB-a obveznika. Oznaka naplatnog uređaja također može sadržavati samo znamenke 0-9, bez vodećih nula, i mora biti jedinstvena unutar jednog poslovnog prostora obveznika.",4.402210474014282,0.8,1.0,0.8,macro_overlap100
Što je samoizdavanje eRačuna i kako se provodi fiskalizacija?,"Samoizdavanje eRačuna odnosi se na proces u kojem izdavatelj eRačuna samostalno generira i izdaje eRačun, umjesto da se oslanja na vanjske usluge ili aplikacije. Fiskalizacija eRačuna provodi se korištenjem digitalnog certifikata koji sadrži OIB ovlaštene osobe za dostavu fiskalizacijske poruke. U slučaju tehničkih problema ili prekida internetske veze, obveznici fiskalizacije moraju provesti fiskalizaciju eRačuna u roku od pet radnih dana od nastanka problema. Također, obveznici su dužni osigurati adekvatnu softversku i hardversku podršku za razmjenu i fiskalizaciju eRačuna.",4.036381959915161,0.5,0.5,0.5,macro_overlap100
Kada postoji obveza izdavanja eRačuna za inozemne transakcije?,Obveza izdavanja eRačuna odnosi se isključivo na tuzemne transakcije. Za inozemne transakcije ne postoji navedena obveza u dostupnim informacijama.,2.2580296993255615,0.7,1.0,0.7,macro_overlap100
Može li se isti digitalni certifikat koristiti za F1.0 i F2.0?,Nema informacija o mogućnosti korištenja istog digitalnog certifikata za F1.0 i F2.0 u dostupnom tekstu. Preporučuje se provjeriti specifične zahtjeve ili smjernice vezane uz certifikate za svaku verziju sustava.,2.510692834854126,0.5,0.5,0.5,macro_overlap100
Kada se može primijeniti članak 39. Zakona za B2B transakcije?,"Članak 39. Zakona može se primijeniti na B2B transakcije nakon što stupi na snagu pravilnik iz članka 32. Zakona, koji će biti donesen u roku od 90 dana od dana stupanja na snagu članaka 32. i 64. Zakona. Do tada se primjenjuju odredbe članaka 1. do 41. i od članka 41.f do članka 43. Pravilnika o fiskalizaciji u prometu gotovinom.",3.893930196762085,0.6,0.7,0.7,macro_overlap100
Kako se postupa s računima za predujam kod izdavanja konačnog računa?,"Informacije o postupanju s računima za predujam kod izdavanja konačnog računa nisu izravno navedene. Međutim, obveznik fiskalizacije mora provoditi postupak fiskalizacije za sve račune, uključujući i one koji se odnose na predujmove, te osigurati da svi računi budu pravilno izdani i prijavljeni Ministarstvu financija. Ako se izdaje dokument koji navodi podatke o plaćanju prije konačnog računa, na njemu mora biti jasno označeno da nije fiskalizirani račun. Za konačni račun, obveznik fiskalizacije treba slijediti propisane procedure, uključujući elektroničko potpisivanje i prijavu putem uspostavljene veze s Poreznom upravom.",5.2010698318481445,0.5,0.5,0.5,macro_overlap100
Koje su obveze odvjetničkih ureda koji nisu u sustavu PDV-a?,Informacije o obvezama odvjetničkih ureda koji nisu u sustavu PDV-a nisu navedene u dostupnom tekstu. Preporučuje se konzultirati relevantne zakone ili propise koji se odnose na odvjetničke usluge i fiskalizaciju za detaljnije informacije.,3.257673978805542,0.0,0.0,0.0,macro_overlap100
Kako se štiti profesionalna tajna odvjetnika kod eRačuna?,"Informacije o zaštiti profesionalne tajne odvjetnika u vezi s eRačunima nisu izravno navedene. Međutim, općenito se može reći da se odredbe koje se odnose na eRačune ne primjenjuju na isporuke dobara ili usluga koje su zaštićene propisanim stupnjem tajnosti ili koje zahtijevaju posebne sigurnosne mjere prema zakonima i drugim propisima. To može implicirati da se određene informacije, uključujući profesionalnu tajnu odvjetnika, mogu zaštititi kroz primjenu tih posebnih mjera.",4.298772096633911,0.5,0.5,0.5,macro_overlap100
Koje su obveze OPG-a u sustavu PDV-a vezano uz fiskalizaciju?,"Obveze OPG-a (obiteljskih poljoprivrednih gospodarstava) u sustavu PDV-a vezano uz fiskalizaciju uključuju obvezu izdavanja računa za ostvarene promete, osim u iznimnim slučajevima kada se fiskalizacija ne primjenjuje. OPG-ovi su izuzeti od obveze fiskalizacije za prodaju vlastitih poljoprivrednih proizvoda proizvedenih na vlastitom gospodarstvu, kada se ti proizvodi prodaju izravno krajnjem potrošaču. U ostalim slučajevima, OPG-ovi moraju provoditi fiskalizaciju računa prema propisima.",4.304873943328857,0.7,0.8,0.9,macro_overlap100
Koje vrste dokumenata (šifre) se najčešće koriste za eRačune u Hrvatskoj?,Informacije o vrstama dokumenata (šiframa) koje se najčešće koriste za eRačune u Hrvatskoj nisu navedene. Preporučuje se konzultirati relevantne propise ili izvore koji se bave eRačunima za detaljnije informacije.,2.3367350101470947,0.0,0.0,0.0,macro_overlap100
Koja je razlika između poslovnih procesa P4 i P6?,Nema informacija o poslovnim procesima P4 i P6 u dostupnom sadržaju. Stoga nije moguće odgovoriti na pitanje o njihovim razlikama.,1.7205424308776855,0.5,0.0,0.0,macro_overlap100
Zašto se eRačun pojavljuje kao nefiskaliziran u FiskAplikaciji?,"eRačun se može pojaviti kao nefiskaliziran u FiskAplikaciji zbog nekoliko razloga, uključujući neispunjavanje uvjeta za fiskalizaciju, greške u podacima prilikom slanja ili obrade, ili ako eRačun nije pravilno poslan ili zaprimljen. Također, može biti i posljedica problema s autentifikacijom ili ovlaštenjima unutar sustava.",2.935131788253784,0.4,0.6,0.5,macro_overlap100
Hoće li se poduzetnici kažnjavati zbog grešaka u fiskalizaciji eRačuna?,"Da, poduzetnici će se kažnjavati zbog grešaka u fiskalizaciji eRačuna. Postoje različite novčane kazne za pravne osobe, odgovorne osobe u pravnim osobama, kao i za fizičke osobe obrtnike ili one koji obavljaju drugu samostalnu djelatnost, ovisno o težini prekršaja. Kazne se primjenjuju za neizdavanje eRačuna, neprovođenje fiskalizacije, kao i za druge propuste vezane uz fiskalizaciju.",5.639983177185059,0.0,0.5,0.0,macro_overlap100
Zašto je AS4 protokol važan za razmjenu eRačuna?,"AS4 protokol je važan za razmjenu eRačuna jer omogućava sigurnu i pouzdanu razmjenu podataka između izdavatelja i primatelja eRačuna. Ovaj protokol osigurava standardizirane formate i protokole, što doprinosi interoperabilnosti između različitih sustava. Također, AS4 protokol pomaže u očuvanju vjerodostojnosti podrijetla, cjelovitosti sadržaja i čitljivosti eRačuna tijekom cijelog razdoblja čuvanja, što je ključno za ispunjavanje zakonskih zahtjeva.",3.722707748413086,0.6,0.8,0.7,macro_overlap100
"Paušalni obrt nije u sustavu PDV-a, većina kupaca su građani koji plaćaju na transakcijski račun, ali povremeno ima i B2B kupce koji plaćaju karticom. Što se mijenja u njegovom poslovanju od 1.1.2026?","Od 1.1.2026. godine, paušalni obrti koji nisu u sustavu PDV-a morat će se prilagoditi novim pravilima fiskalizacije. To uključuje obvezu izdavanja računa koji će biti fiskalizirani, čak i za transakcijske račune i kartične uplate. Također, obveznici će morati osigurati da svi računi budu prijavljeni u Sustav za fiskalizaciju, a kupci će imati mogućnost provjere računa putem web-servisa Porezne uprave. Ove promjene će utjecati na način vođenja poslovanja, uključujući obvezu zadržavanja računa i isticanje obavijesti o fiskalizaciji na samoposlužnim uređajima, ako se koriste.",3.47178316116333,0.8,0.7,0.9,macro_overlap100
Što je eRačun i mora li biti u PDF formatu?,"eRačun je elektronički račun koji se izdaje u skladu s propisima o fiskalizaciji. Mora biti u skladu s EU normom, ali nije specificirano da mora biti u PDF formatu. Razmjena eRačuna može se obavljati putem različitih tehnologija i procedura, uz osiguranje vjerodostojnosti, cjelovitosti i čitljivosti.",2.9804458618164062,0.4,0.6,0.3,macro_overlap200
Tko se smatra izdavateljem i primateljem eRačuna prema Zakonu o fiskalizaciji?,"Izdavatelj eRačuna smatra se porezni obveznik sa sjedištem, prebivalištem ili uobičajenim boravištem u tuzemstvu koji je upisan u registar obveznika PDV-a, obveznik poreza na dohodak od samostalne djelatnosti ili obveznik poreza na dobit koji nije upisan u registar obveznika PDV-a, kao i tijela državne uprave i jedinice lokalne i područne samouprave. Primatelj eRačuna je osoba ili pravna osoba koja prima eRačun od izdavatelja.",3.916445732116699,0.8,1.0,0.9,macro_overlap200
Od kada obveznici koji nisu u sustavu PDV-a moraju izdavati i zaprimati eRačune?,"Obveznici koji nisu u sustavu PDV-a moraju izdavati i zaprimati eRačune kada su obveznici poreza na dohodak od samostalne djelatnosti ili poreza na dobit, a imaju sjedište, prebivalište ili uobičajeno boravište u tuzemstvu.",2.5119588375091553,0.3,0.6,0.4,macro_overlap200
Što je fiskalizacija eRačuna i kada se mora provesti?,"Fiskalizacija eRačuna je postupak koji izdavatelj eRačuna mora provesti odvojeno od razmjene eRačuna. Izdavatelj je dužan provesti fiskalizaciju u trenutku izdavanja eRačuna, a u slučaju samoizdavanja računa, najkasnije pet radnih dana nakon što je eRačun izdan. Primatelj eRačuna također mora provesti fiskalizaciju, najkasnije pet radnih dana od primitka eRačuna.",3.0873606204986572,0.8,1.0,1.0,macro_overlap200
Koje su glavne razlike između Fiskalizacije 1.0 i Fiskalizacije 2.0?,"Nema informacija o razlikama između Fiskalizacije 1.0 i Fiskalizacije 2.0 u dostupnom tekstu. Fokus je na odredbama vezanim uz fiskalizaciju računa, eRačune i obveze fiskalizacije za različite kategorije poduzetnika. Za detalje o razlikama između tih verzija fiskalizacije potrebno je konzultirati dodatne izvore ili dokumente.",2.5319368839263916,0.0,0.0,0.0,macro_overlap200
Što je pristupna točka i tko može biti pristupna točka?,Pristupna točka je uređaj ili informacijski sustav obveznika fiskalizacije koji se koristi za komunikaciju s Poreznom upravom. To može biti ili naplatni uređaj ili informacijski sustav obveznika fiskalizacije.,1.9349801540374756,0.5,0.6,0.4,macro_overlap200
Što mora informacijski posrednik napraviti da bi mogao pružati usluge?,"Informacijski posrednik mora dostaviti Poreznoj upravi određenu dokumentaciju, uključujući detaljan opis sredstava za osiguranje sigurnosti osobnih podataka, najnoviju verziju Certifikata za ISO/IEC 27001, izjavu o upravljanju sustavom informacija unutar Europske unije te izjavu o opsegu usluga koje pruža. Također, mora uspješno proći testiranje sukladnosti i dobiti potvrdu o sukladnosti od Porezne uprave.",3.663262128829956,0.5,0.7,0.6,macro_overlap200
Što je aplikacija MIKROeRAČUN i tko je može koristiti?,"Aplikacija MIKROeRAČUN omogućava izdavanje, zaprimanje i pohranu eRačuna, kao i fiskalizaciju izdanih i zaprimljenih eRačuna. Mogu je koristiti izdavatelji i primatelji eRačuna koji su korisnici sustava ePorezna, nisu upisani u registar obveznika PDV-a i nisu obveznici primjene propisa o elektroničkom izdavanju računa u javnoj nabavi kao javni naručitelji. Prije korištenja, porezni obveznici moraju prihvatiti opće uvjete korištenja aplikacije.",4.35801362991333,0.8,1.0,0.7,macro_overlap200
Kada izdavatelj eRačuna mora provoditi postupak eIzvještavanja?,"Izdavatelj eRačuna mora provoditi postupak eIzvještavanja prilikom provedbe fiskalizacije eRačuna. Za to mogu koristiti web-servis, uslugu informacijskog posrednika ili FiskAplikaciju.",2.1120893955230713,0.5,0.5,0.5,macro_overlap200
Što mora napraviti primatelj eRačuna koji odbija eRačun?,"Primatelj eRačuna dužan je u Sustav za fiskalizaciju do 20. dana u mjesecu za prethodni mjesec dostaviti podatke o eRačunima za koje je izvršio odbijanje u prethodnom mjesecu. Ovi podaci uključuju datum izdavanja eRačuna, broj eRačuna, OIB izdavatelja i primatelja eRačuna, datum odbijanja te razlog odbijanja. Dostavom ovih podataka primatelj eRačuna također potvrđuje da neće koristiti pravo na pretporez po tom eRačunu.",4.213504791259766,0.7,1.0,1.0,macro_overlap200
Je li podatak KPD-a obvezan na eRačunu i u kojim slučajevima?,"Podatak o stavci robe i usluge u eRačunu mora biti povezan s ispravnom klasifikacijskom oznakom iz KPD-a, a obveznici primjene zakona dužni su iskazati ga u eRačunu šesteroznamenkastom brojčanom oznakom.",3.3954508304595947,0.5,0.5,0.5,macro_overlap200
Čemu služi FiskAplikacija i koje funkcionalnosti omogućava?,"FiskAplikacija služi za pregled fiskaliziranih podataka i upravljanje ovlaštenjima za razmjenu eRačuna i fiskalizaciju. Omogućava uvid u statuse računa, informativno ispunjenu prijavu poreza na dodanu vrijednost (PDV) za određeno razdoblje oporezivanja, te unos podataka potrebnih za fiskalizaciju i eIzvještavanje. Pristup aplikaciji i upravljanje ovlaštenjima ostvaruje se putem Nacionalnog identifikacijskog i autentifikacijskog sustava i sustava eOvlaštenja.",3.83162260055542,0.7,1.0,0.8,macro_overlap200
Što znači status 'Zaprimljen i neuparen' u FiskAplikaciji?,"Status 'Zaprimljen i neuparen' u FiskAplikaciji označava da je račun zaprimljen, ali još nije povezan s odgovarajućim podacima ili transakcijom. To može značiti da račun nije evidentiran ili da postoji potreba za dodatnom provjerom podataka kako bi se osiguralo da su svi potrebni uvjeti ispunjeni za daljnju obradu.",3.089332103729248,0.5,0.5,0.5,macro_overlap200
Što znači status 'Odstupanje' u FiskAplikaciji i treba li zbog toga odbiti račun?,"Status 'Odstupanje' u FiskAplikaciji obično ukazuje na to da postoji neka vrsta nesukladnosti ili problema s računom koji je izdan. Ovisno o specifičnim pravilima i procedurama koje se primjenjuju, može biti potrebno dodatno istražiti uzrok tog statusa. Ako se utvrdi da je račun izdan u suprotnosti s propisima ili da nedostaju potrebni elementi, tada bi moglo biti opravdano odbiti račun. Preporučuje se konzultirati se s relevantnim propisima ili stručnjacima za fiskalizaciju kako bi se donijela ispravna odluka.",3.725935220718384,0.3,0.5,0.4,macro_overlap200
Što je AMS i čemu služi?,AMS je metapodatkovni servis koji omogućava objavu identifikatora poreznih obveznika primatelja eRačuna. Služi za pružanje podataka o krajnjoj adresi primatelja eRačuna i informacijama o poreznim obveznicima prema Listi identifikatora poreznih obveznika.,3.028935432434082,0.5,0.5,0.5,macro_overlap200
Kakvu strukturu mora imati broj eRačuna?,Informacije o strukturi broja eRačuna nisu navedene u dostupnom tekstu. Preporučuje se konzultirati relevantne propise ili standarde koji se odnose na eRačune za detalje o njihovoj strukturi.,2.734154462814331,0.0,0.5,0.0,macro_overlap200
Što je samoizdavanje eRačuna i kako se provodi fiskalizacija?,"Samoizdavanje eRačuna odnosi se na situaciju kada izdavatelj računa, koji je obveznik fiskalizacije, izda eRačun za svoje transakcije. Ovaj postupak uključuje obvezu izdavanja eRačuna za tuzemne transakcije, osim ako nije izuzet od te obveze prema posebnom zakonu. 

Fiskalizacija eRačuna provodi se tako da izdavatelj računa odmah nakon slanja i zaprimanja ispravljenog eRačuna, koji ne utječe na obračun poreza, obvezno fiskalizira taj račun. Također, prilikom razmjene eRačuna, identitet pristupne točke mora se dokazati putem digitalnih certifikata, uz obvezan OIB koji potpisuje poruku koja sadrži eRačun.",5.067298173904419,0.5,0.5,0.7,macro_overlap200
Kada postoji obveza izdavanja eRačuna za inozemne transakcije?,"Obveza izdavanja eRačuna za inozemne transakcije nije izričito navedena u dostupnim odredbama. Članak 38. se fokusira na obvezu izdavanja eRačuna za tuzemne transakcije, dok se izuzeća i posebne okolnosti odnose na transakcije koje se plaćaju gotovinom ili karticom. Za inozemne transakcije, potrebno je konzultirati dodatne propise ili zakone koji se bave tim pitanjem.",3.5921413898468018,0.5,0.5,0.5,macro_overlap200
Može li se isti digitalni certifikat koristiti za F1.0 i F2.0?,Nema informacija o mogućnosti korištenja istog digitalnog certifikata za F1.0 i F2.0 u dostupnom materijalu. Preporučuje se provjeriti specifične zahtjeve ili smjernice vezane uz certifikate za svaku verziju sustava.,3.826547622680664,0.5,0.5,0.5,macro_overlap200
Kada se može primijeniti članak 39. Zakona za B2B transakcije?,Članak 39. Zakona može se primijeniti od 1. siječnja 2026. godine.,1.6991827487945557,1.0,1.0,0.5,macro_overlap200
Kako se postupa s računima za predujam kod izdavanja konačnog računa?,Nema specifičnih informacija o postupanju s računima za predujam kod izdavanja konačnog računa u dostavljenim odredbama. Preporučuje se konzultirati relevantne zakonske odredbe ili pravilnike koji se odnose na ovu temu za detaljnije upute.,2.1649913787841797,0.5,0.5,0.5,macro_overlap200
Koje su obveze odvjetničkih ureda koji nisu u sustavu PDV-a?,"Obveze odvjetničkih ureda koji nisu u sustavu PDV-a nisu izravno navedene u dostupnim informacijama. Međutim, općenito se može pretpostaviti da bi se trebali pridržavati odredbi koje se odnose na fiskalizaciju i izdavanje računa, kao i drugih relevantnih zakonskih propisa koji se primjenjuju na obveznike fiskalizacije. Preporučuje se konzultirati specifične zakone ili pravne savjetnike za detaljne informacije o obvezama.",3.483670949935913,0.5,0.5,0.5,macro_overlap200
Kako se štiti profesionalna tajna odvjetnika kod eRačuna?,"Informacije o zaštiti profesionalne tajne odvjetnika u vezi s eRačunima nisu izravno navedene. Međutim, općenito se može reći da se odredbe o eRačunima primjenjuju uz poštivanje zakonskih propisa koji se odnose na zaštitu podataka i povjerljivost informacija. U slučajevima kada su transakcije zaštićene propisanim stupnjem tajnosti ili zahtijevaju posebne sigurnosne mjere, primjenjuju se odgovarajući zakoni i propisi koji osiguravaju zaštitu profesionalne tajne.",3.990396499633789,0.5,0.5,0.5,macro_overlap200
Koje su obveze OPG-a u sustavu PDV-a vezano uz fiskalizaciju?,Informacije o obvezama OPG-a u sustavu PDV-a vezano uz fiskalizaciju nisu navedene. Preporučuje se konzultirati relevantne zakone ili propise koji se odnose na obveznike fiskalizacije kako bi se dobile točne informacije.,3.00262713432312,0.0,0.5,0.0,macro_overlap200
Koje vrste dokumenata (šifre) se najčešće koriste za eRačune u Hrvatskoj?,"U Hrvatskoj se za eRačune najčešće koriste dokumenti koji su u skladu s EU normom, a njihova razmjena obavlja se putem pristupnih točaka koje osiguravaju sigurnu razmjenu podataka. Također, eRačuni moraju biti izdani prema propisima koji uređuju fiskalizaciju, a uključuju elemente kao što su zaštitni kod, datum i vrijeme izdavanja, te ukupni iznos računa.",3.833245277404785,0.0,0.0,0.0,macro_overlap200
Koja je razlika između poslovnih procesa P4 i P6?,"Informacije o poslovnim procesima P4 i P6 nisu navedene, stoga nije moguće odgovoriti na pitanje o njihovim razlikama.",1.4450697898864746,0.0,0.0,0.0,macro_overlap200
Zašto se eRačun pojavljuje kao nefiskaliziran u FiskAplikaciji?,"eRačun se može pojaviti kao nefiskaliziran u FiskAplikaciji zbog nekoliko mogućih razloga. To može uključivati probleme s unosom podataka, neispravne informacije prilikom fiskalizacije, ili nedostatak potrebnih ovlaštenja za razmjenu eRačuna. Također, može biti i tehničkih problema s aplikacijom ili s povezivanjem na sustav koji upravlja fiskalizacijom. Preporučuje se provjeriti sve relevantne informacije i status računa unutar aplikacije kako bi se utvrdio točan uzrok.",3.7284622192382812,0.5,0.5,0.5,macro_overlap200
Hoće li se poduzetnici kažnjavati zbog grešaka u fiskalizaciji eRačuna?,"Da, poduzetnici će se kažnjavati zbog grešaka u fiskalizaciji eRačuna. Prekršaji vezani uz neprovođenje fiskalizacije, neizdavanje eRačuna, neprimanje eRačuna, kao i druge povrede propisa, mogu rezultirati novčanim kaznama za pravne osobe, odgovorne osobe u pravnim osobama, kao i fizičke osobe obrtnike. Kazne se kreću u različitim iznosima ovisno o težini prekršaja.",2.4907803535461426,0.0,0.5,0.0,macro_overlap200
Zašto je AS4 protokol važan za razmjenu eRačuna?,"AS4 protokol je važan za razmjenu eRačuna jer omogućava sigurnu i standardiziranu razmjenu podataka između izdavatelja i primatelja eRačuna. Ovaj protokol osigurava interoperabilnost između različitih sustava, što je ključno za učinkovitu i pouzdanu komunikaciju u procesu razmjene eRačuna. Također, pridržavanje standardiziranih formata i protokola doprinosi vjerodostojnosti i cjelovitosti sadržaja eRačuna tijekom cijelog razdoblja čuvanja.",4.116480588912964,0.5,0.5,0.5,macro_overlap200
"Paušalni obrt nije u sustavu PDV-a, većina kupaca su građani koji plaćaju na transakcijski račun, ali povremeno ima i B2B kupce koji plaćaju karticom. Što se mijenja u njegovom poslovanju od 1.1.2026?","Od 1.1.2026. godine, paušalni obrtnici koji nisu u sustavu PDV-a morat će se prilagoditi novim pravilima fiskalizacije. To uključuje obvezu fiskalizacije svih računa, bez obzira na to da li su kupci građani ili B2B. S obzirom na to da većina kupaca plaća na transakcijski račun, obrtnik će morati osigurati da su svi računi pravilno fiskalizirani i da se podaci o transakcijama dostavljaju Poreznoj upravi. Također, obrtnik će morati obratiti pažnju na pravilno evidentiranje svih poreza, uključujući PDV ako se odluči za ulazak u sustav PDV-a, kao i na eventualne promjene u načinu plaćanja, uključujući kartične transakcije.",4.575185775756836,0.5,0.5,0.5,macro_overlap200
Što je eRačun i mora li biti u PDF formatu?,"eRačun je elektronički račun koji mora biti u skladu s EU normom. Nema specifične odredbe koja zahtijeva da eRačun bude u PDF formatu, ali mora se razmjenjivati putem standardiziranih formata i protokola.",1.9039621353149414,0.5,0.5,0.0,semantic
Tko se smatra izdavateljem i primateljem eRačuna prema Zakonu o fiskalizaciji?,"Izdavateljem eRačuna smatra se porezni obveznik sa sjedištem, prebivalištem ili uobičajenim boravištem u tuzemstvu koji je upisan u registar obveznika PDV-a, obveznik poreza na dohodak od samostalne djelatnosti ili obveznik poreza na dobit koji nije upisan u registar obveznika PDV-a, kao i tijela državne uprave i jedinice lokalne i područne samouprave koje su upisane u Registar proračunskih i izvanproračunskih korisnika.

Primateljem eRačuna smatra se osoba ili entitet koji zaprima eRačun od izdavatelja, a koji može biti bilo koji od navedenih obveznika ili korisnika usluga.",3.9256486892700195,0.7,1.0,0.8,semantic
Od kada obveznici koji nisu u sustavu PDV-a moraju izdavati i zaprimati eRačune?,Obveznici koji nisu u sustavu PDV-a moraju početi izdavati i zaprimati eRačune od 1. siječnja 2027. godine.,1.389486312866211,0.5,0.5,0.5,semantic
Što je fiskalizacija eRačuna i kada se mora provesti?,"Fiskalizacija eRačuna odnosi se na proces izdavanja i fiskalizacije elektroničkog računa u poslovanju poreznih obveznika. Ovaj proces uključuje obvezu primatelja eRačuna da ga zaprimaju na način propisan zakonom. Fiskalizacija se mora provesti odmah nakon slanja i zaprimanja ispravljenog eRačuna, ukoliko se ispravlja podatak koji ne utječe na obračun poreza.",4.055323362350464,0.5,0.9,0.6,semantic
Koje su glavne razlike između Fiskalizacije 1.0 i Fiskalizacije 2.0?,"Glavne razlike između Fiskalizacije 1.0 i Fiskalizacije 2.0 uključuju promjene u postupcima fiskalizacije, kao i u tehnologijama koje se koriste za izdavanje i obradu računa. Fiskalizacija 2.0 donosi unaprijeđene metode za generiranje i slanje eRačuna, uključujući korištenje centralnog informacijskog sustava Porezne uprave i poboljšane sigurnosne mehanizme. Također, Fiskalizacija 2.0 uvodi nove obveze za obveznike fiskalizacije, kao što su obaveze vezane uz QR kodove i postupke prijave poslovnih prostora. U usporedbi s prvim modelom, drugi model nudi veću automatizaciju i efikasnost u razmjeni podataka između poslovnih subjekata i Porezne uprave.",4.655580520629883,0.5,0.5,0.5,semantic
Što je pristupna točka i tko može biti pristupna točka?,Pristupna točka je elektronički uređaj za izdavanje računa ili informacijski sustav obveznika fiskalizacije računa. Ona omogućava komunikaciju s Sustavom za fiskalizaciju i može se smatrati sredstvom putem kojeg obveznik fiskalizacije razmjenjuje podatke s Poreznom upravom.,2.258744955062866,0.5,0.5,0.5,semantic
Što mora informacijski posrednik napraviti da bi mogao pružati usluge?,"Informacijski posrednik mora dostaviti Poreznoj upravi određenu dokumentaciju prije nego što pristupi završnom testiranju sukladnosti. Ta dokumentacija uključuje:

1. Dokument koji detaljno navodi sredstva implementirana za osiguranje sigurnosti osobnih podataka u skladu s Općom uredbom o zaštiti podataka.
2. Najnoviju verziju Certifikata za ISO/IEC 27001 u trenutku podnošenja dokumentacije.
3. Izjavu kojom se obvezuje upravljati svojim sustavom informacija iz Europske unije, osiguravajući da nema prijenosa podataka izvan Europske unije.
4. Izjavu u kojoj navodi opseg usluga koje pruža za potrebe provedbe zakona. 

Nakon ispunjavanja ovih uvjeta, informacijski posrednik može pružati usluge.",3.7803497314453125,0.5,0.5,0.5,semantic
Što je aplikacija MIKROeRAČUN i tko je može koristiti?,"Aplikacija MIKROeRAČUN omogućava izdavanje, zaprimanje i pohranu eRačuna, kao i fiskalizaciju izdanih i zaprimljenih eRačuna. Pravo na korištenje ove aplikacije imaju izdavatelj i primatelj eRačuna, pod uvjetom da su korisnici sustava ePorezna, nisu upisani u registar obveznika PDV-a i nisu obveznici primjene propisa o elektroničkom izdavanju računa u javnoj nabavi kao javni naručitelji.",3.201777219772339,0.5,1.0,0.8,semantic
Kada izdavatelj eRačuna mora provoditi postupak eIzvještavanja?,"Izdavatelj eRačuna mora provoditi postupak eIzvještavanja prilikom razmjene eRačuna, koristeći web-servis, uslugu informacijskog posrednika ili FiskAplikaciju. Također, obvezan je dostaviti podatke u Sustav za fiskalizaciju u skladu s propisima, uključujući situacije kada se eRačun ne može izdati primatelju zbog nedostupnosti identifikatora.",2.2176833152770996,0.5,0.5,0.5,semantic
Što mora napraviti primatelj eRačuna koji odbija eRačun?,"Primatelj eRačuna dužan je u Sustav za fiskalizaciju do 20. dana u mjesecu za prethodni mjesec dostaviti podatke o eRačunima za koje je izvršio odbijanje u prethodnom mjesecu. Ti podaci uključuju datum izdavanja eRačuna, broj eRačuna, OIB izdavatelja i primatelja eRačuna, datum odbijanja te razlog odbijanja. Dostavom ovih podataka primatelj eRačuna također izjavljuje da neće koristiti pravo na pretporez po tom eRačunu.",3.4811387062072754,1.0,1.0,1.0,semantic
Je li podatak KPD-a obvezan na eRačunu i u kojim slučajevima?,Podatak KPD-a je obvezan na eRačunu kada obveznici primjene zakona moraju povezati stavku robe i usluge s ispravnom klasifikacijskom oznakom iz KPD-a. Ova oznaka mora biti iskazana u eRačunu kao šesteroznamenkasti broj.,3.2125654220581055,0.7,0.9,0.6,semantic
Čemu služi FiskAplikacija i koje funkcionalnosti omogućava?,"FiskAplikacija služi za pregled podataka iz fiskalizacije računa i eRačuna. Omogućava uvid u statuse eRačuna, kao što su zaprimljen, naplaćen ili odbijen, kao i uvid u podatke o greškama i ostale podatke iz Sustava za fiskalizaciju.",1.8971898555755615,0.5,0.5,0.5,semantic
Što znači status 'Zaprimljen i neuparen' u FiskAplikaciji?,"Status 'Zaprimljen i neuparen' u FiskAplikaciji označava da je račun zaprimljen, ali nije povezan s odgovarajućim podacima ili transakcijom. To može značiti da su potrebni dodatni podaci ili da postoji problem s identifikacijom računa u sustavu.",1.7753236293792725,0.5,0.5,0.5,semantic
Što znači status 'Odstupanje' u FiskAplikaciji i treba li zbog toga odbiti račun?,"Status 'Odstupanje' u FiskAplikaciji obično označava da je došlo do nekih nepravilnosti ili odstupanja u procesu fiskalizacije računa. U takvim slučajevima, obveznik fiskalizacije trebao bi provjeriti razloge za taj status i poduzeti odgovarajuće mjere. Odbijanje računa može biti potrebno ako se utvrdi da račun nije pravilno fiskaliziran ili ako ne ispunjava zakonske uvjete. Preporučuje se konzultirati relevantne propise ili stručnjaka za fiskalizaciju kako bi se donijela ispravna odluka.",4.184957504272461,0.5,0.5,0.5,semantic
Što je AMS i čemu služi?,"AMS je adresar metapodatkovnih servisa kojim upravlja Ministarstvo financija, Porezna uprava. Služi za pohranu identifikatora i pripadajućih metapodatkovnih servisa poreznih obveznika, omogućavajući dostupnost podataka o adresi primatelja eRačuna.",2.5004007816314697,0.5,0.5,0.5,semantic
Kakvu strukturu mora imati broj eRačuna?,"Broj eRačuna mora se sastojati od slijedećih elemenata: numeričkog broja računa, oznake poslovnog prostora i broja uređaja za izdavanje računa. Numerički broj računa može sadržavati samo znamenke 0-9, bez vodećih nula. Oznaka poslovnog prostora može sadržavati samo znamenke i slova (0-9, a-z, A-Z) i mora biti jedinstvena na razini OIB-a obveznika. Broj uređaja za izdavanje računa također može sadržavati samo znamenke 0-9, bez vodećih nula.",2.831730842590332,0.5,0.5,0.5,semantic
Što je samoizdavanje eRačuna i kako se provodi fiskalizacija?,"Samoizdavanje eRačuna odnosi se na proces u kojem obveznik fiskalizacije izdaje eRačun za svoje usluge ili proizvode. Fiskalizacija eRačuna provodi se tako da obveznik odmah nakon slanja eRačuna, koji je zaprimljen od strane primatelja, izvrši fiskalizaciju tog eRačuna. To uključuje povezivanje podataka o stavci robe i usluge s ispravnom klasifikacijskom oznakom iz KPD-a, te osiguranje da su svi potrebni podaci ispravno navedeni u eRačunu. U slučaju ispravka podataka na eRačunu koji ne utječu na obračun poreza, eRačun se može ponovno izdati pod istim brojem uz obvezno navođenje indikatora kopije računa.",4.844660758972168,0.7,0.9,0.6,semantic
Kada postoji obveza izdavanja eRačuna za inozemne transakcije?,"Obveza izdavanja eRačuna za inozemne transakcije nije izričito navedena u dostupnim odredbama. Članak 38. se fokusira na obvezu izdavanja eRačuna za tuzemne transakcije, dok se za inozemne transakcije ne spominje specifična obveza. Stoga, za inozemne transakcije može biti potrebno dodatno istražiti relevantne zakonske odredbe ili propise koji se odnose na međunarodne transakcije.",3.2420568466186523,0.7,0.9,0.6,semantic
Može li se isti digitalni certifikat koristiti za F1.0 i F2.0?,Nema informacija o mogućnosti korištenja istog digitalnog certifikata za F1.0 i F2.0 u dostavljenim pravilnicima. Preporučuje se provjeriti specifične zahtjeve i odredbe vezane uz certifikate za svaku verziju sustava.,1.9619393348693848,0.5,0.5,0.0,semantic
Kada se može primijeniti članak 39. Zakona za B2B transakcije?,Informacije o primjeni članka 39. Zakona za B2B transakcije nisu navedene u dostupnom tekstu. Preporučuje se konzultirati sam zakon ili relevantne pravne izvore za detalje o toj odredbi.,1.8428127765655518,0.0,0.5,0.0,semantic
Kako se postupa s računima za predujam kod izdavanja konačnog računa?,Informacije o postupanju s računima za predujam kod izdavanja konačnog računa nisu izravno navedene u dostupnom tekstu. Preporučuje se konzultirati relevantne odredbe zakona ili pravilnike koji se odnose na fiskalizaciju i izdavanje računa za dodatne detalje o ovoj temi.,2.171863555908203,0.0,0.0,0.0,semantic
Koje su obveze odvjetničkih ureda koji nisu u sustavu PDV-a?,"Obveze odvjetničkih ureda koji nisu u sustavu PDV-a nisu izravno navedene u dostupnim informacijama. Međutim, općenito se može pretpostaviti da bi takvi uredi trebali slijediti odredbe koje se odnose na fiskalizaciju i izdavanje računa, osim ako su izuzeti od tih obveza prema važećim zakonima. Preporučuje se konzultirati relevantne pravne propise ili stručnjake za detaljne informacije o specifičnim obvezama.",3.0445990562438965,0.3,0.4,0.2,semantic
Kako se štiti profesionalna tajna odvjetnika kod eRačuna?,Odredbe o eRačunu ne primjenjuju se na isporuke dobara ili usluga koje su zaštićene propisanim stupnjem tajnosti ili koje zahtijevaju posebne sigurnosne mjere prema zakonima i drugim propisima. To implicira da se profesionalna tajna odvjetnika može zaštititi kroz primjenu ovih iznimki u vezi s eRačunima.,3.241704225540161,0.5,0.5,0.5,semantic
Koje su obveze OPG-a u sustavu PDV-a vezano uz fiskalizaciju?,"Obveznici fiskalizacije, uključujući OPG-e, nisu u obvezi provoditi fiskalizaciju računa za ostvarene promete od prodaje vlastitih poljoprivrednih proizvoda proizvedenih na vlastitom obiteljskom poljoprivrednom gospodarstvu kada se ti proizvodi prodaju izravno krajnjem potrošaču. Ova iznimka uključuje prodaju na štandovima i klupama na tržnicama, kao i izvan njih.",3.214991331100464,0.5,0.5,0.5,semantic
Koje vrste dokumenata (šifre) se najčešće koriste za eRačune u Hrvatskoj?,"Za eRačune u Hrvatskoj najčešće se koriste sljedeće vrste dokumenata (šifre):

1. **Identifikator poruke** - jedinstveni ID poruke (UUID) koji se mora razlikovati za svaku poruku.
2. **OIB obveznika fiskalizacije** - jedinstveni identifikacijski broj obveznika.
3. **Datum i vrijeme slanja** - označava kada je poruka poslana.
4. **Oznaka je li obveznik u sustavu PDV-a** - informacija o statusu obveznika u vezi s PDV-om.
5. **Datum i vrijeme izdavanja računa** - kada je račun izdan.
6. **Oznaka slijednosti** - označava razinu dodjele brojeva računa (na razini poslovnog prostora ili uređaja).
7. **Broj računa** - sastoji se od numeričkog broja, oznake poslovnog prostora i broja uređaja za izdavanje računa.

Ove informacije su ključne za pravilnu fiskalizaciju i razmjenu eRačuna.",5.145269155502319,0.0,0.5,0.0,semantic
Koja je razlika između poslovnih procesa P4 i P6?,Nema informacija o poslovnim procesima P4 i P6 u dostupnom sadržaju. Stoga nije moguće odgovoriti na pitanje o njihovim razlikama.,1.7614309787750244,0.0,0.0,0.0,semantic
Zašto se eRačun pojavljuje kao nefiskaliziran u FiskAplikaciji?,"eRačun se može pojaviti kao nefiskaliziran u FiskAplikaciji zbog nekoliko razloga, uključujući neprovođenje postupka fiskalizacije sukladno propisima, kao i eventualne greške u podacima koji su poslani ili zaprimljeni. Također, ako se eRačun ne ispravi i fiskalizira odmah nakon slanja i zaprimanja, može ostati nefiskaliziran. U slučaju da primatelj eRačuna ne zaprimiti eRačun na propisani način, to također može utjecati na njegov status u aplikaciji.",2.9912326335906982,0.5,1.0,0.5,semantic
Hoće li se poduzetnici kažnjavati zbog grešaka u fiskalizaciji eRačuna?,"Da, poduzetnici će se kažnjavati zbog grešaka u fiskalizaciji eRačuna. Novčane kazne su predviđene za različite prekršaje vezane uz neizdavanje eRačuna, neprimanje eRačuna, te neprovođenje fiskalizacije izdanih i zaprimljenih eRačuna. Kazne se kreću od 660,00 do 39.810,00 eura, ovisno o vrsti prekršaja i statusu prekršitelja.",4.056450843811035,0.0,0.5,0.0,semantic
Zašto je AS4 protokol važan za razmjenu eRačuna?,Informacije o važnosti AS4 protokola za razmjenu eRačuna nisu navedene u dostupnom sadržaju. Preporučuje se konzultirati dodatne izvore ili dokumente koji se bave AS4 protokolom i njegovim funkcijama u kontekstu razmjene eRačuna.,2.0080409049987793,0.0,0.0,0.0,semantic
"Paušalni obrt nije u sustavu PDV-a, većina kupaca su građani koji plaćaju na transakcijski račun, ali povremeno ima i B2B kupce koji plaćaju karticom. Što se mijenja u njegovom poslovanju od 1.1.2026?","Od 1.1.2026. paušalni obrti koji nisu u sustavu PDV-a moraju prilagoditi svoje poslovanje u vezi s fiskalizacijom računa. U slučaju B2B transakcija koje se plaćaju karticom, obvezni su dostaviti OIB primatelja računa, a također će morati prijaviti promijenjeni način plaćanja ako dođe do ispravke načina plaćanja s izdanog računa. To uključuje korištenje oznaka za različite načine plaćanja, kao što su gotovina, kartice ili transakcijski račun. Također, važno je osigurati da su svi OIB-ovi formalno ispravni i da se koriste dozvoljene porezne stope.",4.624724864959717,0.6,0.7,0.7,semantic
